Date,Close,High,Low,Open,Volume
2021-01-04,13.076018333435059,13.613478260876672,12.925449902304845,13.066795083910115,560640000
2021-01-05,13.366436004638672,13.405074943901147,13.049594230220292,13.062307460654432,322760000
2021-01-06,12.578444480895996,13.207142186008463,12.55002633699992,13.184706458898969,580424000
2021-01-07,13.305858612060547,13.339512676724356,12.849666782088335,12.930434635384632,461480000
2021-01-08,13.238800048828125,13.382637648539365,13.00472125127349,13.324305523719442,292528000
2021-01-11,13.582566261291504,13.921096308910437,13.324306724946876,13.380395567585643,518344000
2021-01-12,13.446207046508789,13.71518662773532,13.30685695821669,13.713191537825285,291476000
2021-01-13,13.493071556091309,13.586055290946524,13.346741517718936,13.451440936900354,210028000
2021-01-14,13.162519454956055,13.56087745931454,13.142826263852895,13.536198445576108,283120000
2021-01-15,12.822745323181152,13.287163872887445,12.81177708254526,13.190191844917592,277780000
2021-01-19,12.988019943237305,13.056572862335285,12.807287445364308,12.979044892252457,226188000
2021-01-20,13.327548027038574,13.392112675663085,13.019431202517943,13.074273353645776,258572000
2021-01-21,13.827864646911621,13.959238189663656,13.215120946062724,13.380147607196607,337780000
2021-01-22,13.67330551147461,13.802186604239331,13.588299278392899,13.700727061039379,246820000
2021-01-25,13.614225387573242,13.788974533130535,13.198666607439788,13.742358087685238,251112000
2021-01-26,13.39684772491455,13.605748262959864,13.34923373913582,13.541681919123254,163980000
2021-01-27,12.880829811096191,13.194929083249145,12.757183670871319,13.192186547498755,371272000
2021-01-28,13.01369857788086,13.301623948118564,12.923457357662423,12.959105568570454,228316000
2021-01-29,12.952619552612305,13.296633658801358,12.874593293619666,13.037625772129568,271552000
2021-02-01,13.199167251586914,13.232820370910638,12.865872136369923,13.01594228284471,217204000
2021-02-02,13.5180025100708,13.533208177107893,13.247527071774433,13.360454111923822,220440000
2021-02-03,13.491827011108398,13.89193002868741,13.477867087311907,13.597024736589539,245408000
2021-02-04,13.62519359588623,13.634416844530163,13.299626897697083,13.492324230974786,201340000
2021-02-05,13.552151679992676,13.697984368062173,13.507031081489062,13.685769436183508,169152000
2021-02-08,14.397480010986328,14.432379818392382,13.688013522894353,13.688013522894353,434624000
2021-02-09,14.222482681274414,14.541567742930555,14.181848652102182,14.299760559735732,287560000
2021-02-10,14.7220458984375,14.862393493280608,14.30050481704126,14.42190667051108,485352000
2021-02-11,15.207159996032715,15.228599130658681,14.882341653535708,14.937433905716711,450828000
2021-02-12,14.918486595153809,15.247543280777698,14.732768268450995,15.006982807103192,374756000
2021-02-16,15.286431312561035,15.328561180758324,14.907268204475995,15.021191826127696,321960000
2021-02-17,14.863393783569336,15.179986376068083,14.737753530677445,15.127635715976565,274756000
2021-02-18,14.786613464355469,14.830736516708235,14.533338832562045,14.686898922585039,233868000
2021-02-19,14.88383674621582,15.133620482317376,14.804314630283326,14.981556212316738,271724000
2021-02-22,14.314719200134277,15.089997140840495,14.284056814366492,14.732521308254674,325884000
2021-02-23,14.101576805114746,14.19805051425763,13.351227213256394,14.03501707791871,391780000
2021-02-24,14.457559585571289,14.465287944780597,13.716683144929284,14.082385641260826,448320000
2021-02-25,13.269464492797852,14.333664338191792,13.178475835369932,14.005355063249329,824436000
2021-02-26,13.675299644470215,13.814898867470841,13.32280970449686,13.713190182892967,500932000
2021-03-01,13.802186012268066,13.885198102885361,13.514510804567648,13.83534082862855,353184000
2021-03-02,13.36793041229248,13.880710314412896,13.357709618961268,13.86026872775047,264116000
2021-03-03,12.768150329589844,13.413051207077928,12.762166962212012,13.387873897050037,377592000
2021-03-04,12.334894180297852,12.937916368071201,12.049213052409737,12.764163793210002,573344000
2021-03-05,12.425882339477539,12.514129408982628,11.645867786362965,12.514129408982628,542840000
2021-03-08,11.560112953186035,12.435602648184473,11.533438850520735,12.414413615899687,543112000
2021-03-09,12.488773345947266,12.58503018119177,12.028931897775243,12.099753496667573,521824000
2021-03-10,12.436905860900879,12.947368622318988,12.42618306838436,12.808219651582071,384376000
2021-03-11,12.960832595825195,13.01345056221535,12.702483926792517,12.917442013123948,299916000
2021-03-12,12.823680877685547,12.856348675890004,12.558349788230219,12.616452826771031,243964000
2021-03-15,13.158085823059082,13.17354692311485,12.735152011430825,12.832406735192682,221988000
2021-03-16,13.257834434509277,13.478527766958353,13.083772684178307,13.322919832651639,272128000
2021-03-17,13.307709693908691,13.419427631953024,12.956843642184772,13.006967363859617,243864000
2021-03-18,12.690512657165527,13.150852511092397,12.685026645201525,13.103472279101572,293896000
2021-03-19,12.813454627990723,12.889014536593395,12.580791371714232,12.717945495627424,299208000
2021-03-22,13.153098106384277,13.360824589518188,12.87430079133781,12.880286224197679,297804000
2021-03-23,13.03788948059082,13.3109506075864,12.988513462737627,13.22092748700998,222048000
2021-03-24,12.61121654510498,13.12616935847285,12.604982827680425,13.118189096688234,245840000
2021-03-25,12.503735542297363,12.68278484979762,12.241147965554994,12.468075982521809,295144000
2021-03-26,12.806970596313477,12.823928054668183,12.342391791953444,12.522936498340556,363968000
2021-03-29,12.91569709777832,13.029660048696257,12.668071206371831,12.788018639128039,273520000
2021-03-30,12.83938980102539,12.942629963313632,12.673059062634387,12.80971472304937,200204000
2021-03-31,13.314691543579102,13.436633799038589,12.949860763887894,12.982777790954895,314776000
2021-04-01,13.777026176452637,13.835129204542868,13.477280798414757,13.538128259715098,308276000
2021-04-05,13.952333450317383,13.97876657407877,13.698472914587166,13.832635263043771,255672000
2021-04-06,13.826650619506836,14.018916004314782,13.738872514596373,13.964553395548302,191744000
2021-04-07,14.107942581176758,14.207690603431818,13.67702849951117,13.845852528976325,251284000
2021-04-08,14.281005859375,14.43511743681889,14.213176027468212,14.21691739862396,244416000
2021-04-09,14.36379623413086,14.371776494039445,14.139362482793082,14.178263990565366,195172000
2021-04-12,15.170763969421387,15.31390353540286,14.103703505176835,14.253825442607319,869324000
2021-04-13,15.640081405639648,15.660530051339101,15.08772349362151,15.193207722114034,676212000
2021-04-14,15.238592147827148,15.6809766998769,15.189216132761569,15.585716806366602,385500000
2021-04-15,16.096683502197266,16.173489597224194,15.592204251485212,15.623126457640097,598480000
2021-04-16,15.8724946975708,16.125108122447834,15.82536274319291,16.0126405831472,335208000
2021-04-19,15.323126792907715,15.767756314158476,15.194700651254927,15.497437759770289,404420000
2021-04-20,15.133109092712402,15.458039540390393,14.925382597533766,15.284726432321392,334132000
2021-04-21,15.321882247924805,15.323877075097695,15.064281282601483,15.080739320235335,216776000
2021-04-22,14.81291675567627,15.39968805660098,14.746334039888772,15.336347292085806,277788000
2021-04-23,15.226871490478516,15.29644596297973,14.862789373652932,14.896703337927875,227500000
2021-04-26,15.439085960388184,15.440083849597968,15.08697376083181,15.146823331502622,197796000
2021-04-27,15.34307861328125,15.631102358075223,15.315896833735502,15.53933364907408,164572000
2021-04-28,15.23834228515625,15.493200723239772,15.177246540337377,15.325872106378812,209416000
2021-04-29,15.286222457885742,15.397691160532714,15.033609024260754,15.361282946905519,173196000
2021-04-30,14.971763610839844,15.32637005581225,14.959295227808386,15.136349691451016,201912000
2021-05-03,14.799447059631348,15.208416073987706,14.750321235425245,15.086972302998047,203912000
2021-05-04,14.31517219543457,14.600702707851369,13.975029828518142,14.600453473308372,405324000
2021-05-05,14.422150611877441,14.776258621126953,14.35132901002754,14.672020570032824,292024000
2021-05-06,14.486486434936523,14.534615323972524,14.18225390445764,14.458806188006658,193380000
2021-05-07,14.775010108947754,14.933111336631207,14.634863276725753,14.771020454684466,229328000
2021-05-10,14.229887008666992,14.768778689541142,14.21417667136426,14.750075635244501,268904000
2021-05-11,14.270283699035645,14.318661830890395,13.715432492355607,13.790243752058554,285584000
2021-05-12,13.723912239074707,14.224400868766248,13.674786400032257,13.974280695549288,303408000
2021-05-13,13.630894660949707,14.045350711147945,13.425162994144586,13.998467988858465,285404000
2021-05-14,14.207193374633789,14.291979724154102,13.713936379271763,13.855081122550907,258616000
2021-05-17,14.12988567352295,14.133626093303139,13.818670761725361,14.12140694475875,216980000
2021-05-18,13.980514526367188,14.368038055729718,13.968793845011385,14.231133153637117,186256000
2021-05-19,14.030385971069336,14.044101476880362,13.509199604080083,13.532390775960163,344000000
2021-05-20,14.575761795043945,14.646832621960627,14.234621635588551,14.266540771008533,321592000
2021-05-21,14.954061508178711,15.183733032772471,14.832119232226075,15.125629043201005,672992000
2021-05-24,15.572750091552734,15.705415135802376,15.137845424049145,15.174253635999285,554816000
2021-05-25,15.608407974243164,15.77872833588339,15.443573624564127,15.726360560876719,435408000
2021-05-26,15.660530090332031,15.754044403313245,15.547066551912085,15.69469424475512,370440000
2021-05-27,15.449061393737793,15.710402780852254,15.42113191055747,15.66027906156566,581476000
2021-05-28,16.20366096496582,16.236578947504775,15.462031299114846,15.462031299114846,644536000
2021-06-01,16.223609924316406,16.34704949574134,15.86326820041709,16.229096888512235,472804000
2021-06-02,16.736064910888672,16.87621267756659,16.194680117402555,16.211388338449286,594168000
2021-06-03,16.92708396911621,17.215608058599543,16.54130706968029,16.658761189100893,580008000
2021-06-04,17.5340576171875,17.6165979934895,17.052521354002085,17.069476909819976,617120000
2021-06-07,17.574705123901367,17.76771918028066,17.149528167001655,17.52707659864361,575756000
2021-06-08,17.413110733032227,17.577196435464696,17.207627375092446,17.483183670666758,323848000
2021-06-09,17.318572998046875,17.534828657267983,17.216308277254168,17.47571420990751,381656000
2021-06-10,17.385173797607422,17.452022006490658,17.136744250662534,17.310346354499423,287772000
2021-06-11,17.78451156616211,17.898251342387297,17.403883229039902,17.439550960234815,416308000
2021-06-14,17.977571487426758,17.998274113696997,17.622386049166344,17.865080050096797,321376000
2021-06-15,17.747846603393555,17.97507688775737,17.687485674890738,17.874058585520746,243032000
2021-06-16,17.769546508789062,17.913717005111053,17.5443124591101,17.75009224553801,307124000
2021-06-17,18.614606857299805,18.79195023048878,17.715667091470888,17.733874892512524,809656000
2021-06-18,18.596153259277344,19.330720564613056,18.541527942897947,18.74107162605108,968856000
2021-06-21,18.385129928588867,18.49413123103555,17.782011843653176,18.393111064126522,672384000
2021-06-22,18.843584060668945,18.920409647101682,18.343978923682204,18.429284231032042,580144000
2021-06-23,19.013690948486328,19.10897361319787,18.86453275909637,18.964304575117165,332356000
2021-06-24,19.161603927612305,19.375614096798248,19.044621470468723,19.183804200008918,320924000
2021-06-25,18.987503051757812,19.301285040207212,18.851315628683007,19.236433070795265,278364000
2021-06-28,19.939327239990234,20.03286298538225,19.27484893935136,19.31700206223911,495436000
2021-06-29,19.980981826782227,20.052815878812567,19.612075871754318,19.8370606251026,367632000
2021-06-30,19.956783294677734,20.116417450244846,19.818350342257432,19.95354060100911,326568000
2021-07-01,20.165803909301758,20.409245712086076,19.973244233081605,20.079002860645495,480136000
2021-07-02,20.440176010131836,20.458385715167392,20.241382131269432,20.39353374130317,342764000
2021-07-06,20.651199340820312,20.794370789557213,20.303745727146765,20.69010977628683,446708000
2021-07-07,20.3251895904541,20.827289518235947,20.285531292892728,20.805839022549197,418428000
2021-07-08,19.857261657714844,20.086984820406965,19.65572366995776,19.811117972492724,503300000
2021-07-09,20.004425048828125,20.03435717009147,19.709102017056413,19.91687611559388,296624000
2021-07-12,20.46561622619629,20.485818358359275,20.141607595029487,20.193738078118493,321984000
2021-07-13,20.203718185424805,20.41448567344241,20.068029336079224,20.353873559779505,290708000
2021-07-14,19.79615020751953,20.371083224348496,19.707604117466037,20.31122089134156,380100000
2021-07-15,18.92289924621582,19.80163681406628,18.81539558596507,19.766467672504746,550564000
2021-07-16,18.119495391845703,19.113219490789987,18.031697155658193,18.987009407333584,688224000
2021-07-19,18.736827850341797,18.998477447310524,17.824666134451522,17.8743037047261,749060000
2021-07-20,18.569461822509766,18.794945132479892,18.122485771322793,18.687192164183777,434687000
2021-07-21,19.36563491821289,19.482368072880394,18.6991624790966,18.83884187580024,371017000
2021-07-22,19.549217224121094,19.841546833620864,19.23194323043398,19.597107853695302,323826000
2021-07-23,19.513301849365234,19.654977514226925,19.206005202834984,19.611077449582748,195672000
2021-07-26,19.249902725219727,19.39756327254006,18.87077017833942,19.26686406834247,203943000
2021-07-27,19.164098739624023,19.577152067527226,18.698165146922616,19.220967669853962,248863000
2021-07-28,19.45842742919922,19.601100261911586,18.951589008448458,19.274847933928527,202191000
2021-07-29,19.6170597076416,19.807623128442792,19.283821585563704,19.474385006364894,190781000
2021-07-30,19.454429626464844,19.585128800567478,19.218969015669035,19.373613497902497,183497000
2021-08-02,19.70486068725586,19.915378880901837,19.316749821197465,19.654975725192713,217444000
2021-08-03,19.769712448120117,20.175781820042896,19.176071129798512,19.6948831028393,301811000
2021-08-04,20.2276668548584,20.271566923364023,19.782685073295433,19.944315500211438,231309000
2021-08-05,20.589832305908203,20.68561356328151,20.29550646605199,20.45314629356312,211435000
2021-08-06,20.3194580078125,20.522992290614415,20.163814368374553,20.4770978836364,178497000
2021-08-09,20.248615264892578,20.461127792585444,20.096962239032255,20.399269221353503,146443000
2021-08-10,19.890432357788086,20.38330268581285,19.789661481757292,20.27554974338184,179238000
2021-08-11,19.65397834777832,20.003178821250415,19.385594031751758,19.99719201633086,185925000
2021-08-12,19.85950469970703,19.983219923418048,19.57515626394466,19.824584849910885,151652000
2021-08-13,20.141855239868164,20.167796785001023,19.805625640264363,19.859503062931726,183063000
2021-08-16,19.904407501220703,20.24063722279305,19.408541689128278,20.088984173742237,210876000
2021-08-17,19.413532257080078,19.724819508560007,19.222968770083362,19.640012771943816,204585000
2021-08-18,18.996484756469727,19.589127025061778,18.95657526353266,19.455432507309833,285913000
2021-08-19,19.75274658203125,20.44815389996897,18.719113441166662,19.449440604776612,766555000
2021-08-20,20.768421173095703,20.81730896141307,19.887440011150574,19.945306101736577,675741000
2021-08-23,21.90781593322754,21.946726358583017,20.902120260869,20.92307217475191,575807000
2021-08-24,21.743188858032227,21.9088098112893,21.485779125252666,21.703281272193063,297299000
2021-08-25,22.162233352661133,22.418645969756334,21.672356269378028,21.687321379149566,347701000
2021-08-26,22.017562866210938,22.288940552177326,21.74019837604241,22.14926114072246,237940000
2021-08-27,22.584264755249023,22.670068642424027,22.116336798954833,22.133298143105087,304722000
2021-08-30,22.636150360107422,22.990338614387728,22.49946431686594,22.77782604241749,262580000
2021-08-31,22.337779998779297,22.647125533698055,22.073339614358837,22.647125533698055,259850000
2021-09-01,22.393657684326172,22.64911813568257,22.309835259034962,22.43756548471316,201767000
2021-09-02,22.348751068115234,22.54533595969889,22.247964315304763,22.47049342586675,187834000
2021-09-03,22.794811248779297,22.93750922846225,22.153168059674176,22.27790436202972,280532000
2021-09-07,22.61419677734375,22.85069635544666,22.474490803126553,22.7848355929797,198107000
2021-09-08,22.291873931884766,22.562302133901152,21.930636197722126,22.465506645086627,254434000
2021-09-09,22.13021469116211,22.490453174173346,22.08431220635336,22.264930118963175,196856000
2021-09-10,22.430583953857422,22.578270564497437,22.223022541074023,22.30085711920523,248376000
2021-09-13,22.10527229309082,22.915559708547303,21.81189184174962,22.636149664254482,297500000
2021-09-14,22.195079803466797,22.36272466695094,22.039408757377963,22.22800922879762,199755000
2021-09-15,22.293865203857422,22.31981132430622,21.91965636808884,22.261933127656608,166538000
2021-09-16,22.195079803466797,22.23000581669266,21.88074378110906,22.136204252125346,156033000
2021-09-17,21.853797912597656,22.27390927077693,21.78394589381782,22.25295366514298,294503000
2021-09-20,21.068456649780273,21.387781209085638,20.618407956637256,21.10138606708794,349440000
2021-09-21,21.201183319091797,21.379804680314123,20.90580818268113,21.37182213437268,204688000
2021-09-22,21.894716262817383,21.91367528465587,21.15128697509486,21.320928442562238,268726000
2021-09-23,22.43457794189453,22.487465643862823,21.843825717861137,22.09329838034315,248555000
2021-09-24,22.034420013427734,22.102277360773,21.814884783571202,22.02344353743368,217655000
2021-09-27,21.614309310913086,21.753016037420434,21.280016887936462,21.664203077429683,245215000
2021-09-28,20.65533447265625,21.373816837113832,20.607435394582403,21.169249364639114,343069000
2021-09-29,20.473716735839844,20.97266191637048,20.423821075791892,20.89582469355393,218394000
2021-09-30,20.67229652404785,21.021558534466575,20.64435571548034,20.724186869005347,221009000
2021-10-01,20.6982421875,20.814994033562147,20.160377827897204,20.70622473167738,240978000
2021-10-04,19.69037437438965,20.49866509219777,19.51374772206686,20.460745149157145,345635000
2021-10-05,20.407859802246094,20.604444742602162,19.812119023512988,19.907917186053545,279282000
2021-10-06,20.656330108642578,20.676286468248467,20.037637281066957,20.077553806928158,297202000
2021-10-07,21.030542373657227,21.277021060391967,20.927759015939795,21.047504806233384,256919000
2021-10-08,20.787057876586914,21.161266841006725,20.731176248192515,21.05648878776723,151258000
2021-10-11,20.651348114013672,21.018571928860446,20.467736206590285,20.531602293660658,163388000
2021-10-12,20.62739372253418,21.01257912959574,20.484695733535407,20.78406211740241,162134000
2021-10-13,20.89482879638672,20.945721806793706,20.66930570613976,20.873873186805923,180652000
2021-10-14,21.700122833251953,21.709102719216897,21.077438735594637,21.243088891444785,243589000
2021-10-15,21.815879821777344,21.88473450421562,21.616302880257262,21.763989474383635,226994000
2021-10-18,22.175121307373047,22.243975990824204,21.59833961734775,21.70311955926144,189494000
2021-10-19,22.24298095703125,22.331792011817765,21.990514392616486,22.229008647111023,161473000
2021-10-20,22.056371688842773,22.38567543781395,21.935626663665868,22.257945210436517,146276000
2021-10-21,22.644128799438477,22.663089722334,22.03641428104515,22.050384685989254,187590000
2021-10-22,22.678062438964844,23.081209586164473,22.51341147366166,22.774857952523963,249384000
2021-10-25,23.11713409423828,23.3057345961295,22.721969506473112,22.924540415911828,230235000
2021-10-26,24.664857864379883,25.20571622107296,23.873531450575534,23.93839486421811,485898000
2021-10-27,24.3994197845459,25.0370717258524,24.230775672972076,24.422371980713933,245990000
2021-10-28,24.888383865356445,24.897365655301588,24.471266418851215,24.825517045714975,234204000
2021-10-29,25.513063430786133,25.654764066294884,24.94726013432384,24.94825747657164,292503000
2021-11-01,25.772512435913086,25.83937052261029,25.173777875415453,25.59488846504044,265740000
2021-11-02,26.345304489135742,26.62172056643218,25.74557250420256,25.767527357616604,294112000
2021-11-03,26.541893005371094,26.727501473983224,26.17965976317595,26.613741629026617,239910000
2021-11-04,29.73813819885254,31.298838266325888,27.060797170575963,27.171563087465618,1153631000
2021-11-05,29.689233779907227,31.333755849134143,29.34795432921145,30.123315538694854,851260000
2021-11-08,30.739011764526367,31.034386803146713,29.84390295663633,30.085392973003938,503101000
2021-11-09,30.592329025268555,32.24184382365619,29.900792011768303,32.21390301112386,646746000
2021-11-10,29.3968505859375,30.784916767845264,28.717287521307966,29.294069146734444,636206000
2021-11-11,30.325889587402344,30.52546843492164,29.714183788640867,30.40372606119835,332172000
2021-11-12,30.325889587402344,30.615278725972825,29.567492631483955,29.946692061105622,413054000
2021-11-15,29.961658477783203,30.579352109400386,29.1852998788009,30.48754713787992,384909000
2021-11-16,30.1392822265625,30.325888001469504,29.64333096717068,29.69622055809208,264484000
2021-11-17,29.199270248413086,30.4446385457493,28.739242339156842,30.353829013241555,428508000
2021-11-18,31.608179092407227,32.690889311922675,31.25492578342417,32.2987206204707,781711000
2021-11-19,32.9154167175293,33.018200072194944,31.837695120260975,32.17498143367427,533867000
2021-11-22,31.888586044311523,34.573909183585116,31.832704423703742,33.446291928728265,754335000
2021-11-23,31.67902946472168,32.29173450046671,30.814855236904044,31.468474145181016,532163000
2021-11-24,32.605064392089844,32.785682275830176,30.862747802338053,31.394624226420213,435162000
2021-11-26,31.436538696289062,32.64099112806877,31.283861600664526,32.5312225848996,283069000
2021-11-29,33.30558776855469,33.34151112072589,31.96841454748494,32.297720190128416,454964000
2021-11-30,32.60706329345703,33.282636999598125,31.79677797027339,33.09902325931394,622066000
2021-12-01,31.372526168823242,33.222843560767245,31.317635170167748,33.152982981954075,484368000
2021-12-02,32.06215286254883,32.413454492397044,30.963341136104958,31.15196660239209,472890000
2021-12-03,30.631999969482422,32.06514681270487,30.070117274745446,31.93640157961995,544325000
2021-12-06,29.97730827331543,30.180901433648863,27.98228032790173,29.820618786249153,658938000
2021-12-07,32.3625602722168,32.3845197220602,30.590090410052074,30.895483996800152,593053000
2021-12-08,31.76274871826172,32.225827257844415,31.358552936375865,31.93540523035622,475551000
2021-12-09,30.42940330505371,32.14099693386837,30.367526251043838,31.6709304355526,488507000
2021-12-10,30.137983322143555,31.24278357928564,29.80165319511943,31.0880909467893,488825000
2021-12-13,28.105030059814453,30.23379210383315,28.060119419977152,30.18888146399585,598344000
2021-12-14,28.280685424804688,28.621007355370885,27.195845739872162,27.6439528427401,667035000
2021-12-15,30.398466110229492,30.439384993244534,27.782674736715105,28.343558104801343,698297000
2021-12-16,28.330585479736328,31.098075396246916,28.03717102685846,31.090091873375695,707366000
2021-12-17,27.74574851989746,28.864520919055607,27.704829638355005,27.92938285109951,713758000
2021-12-20,27.663909912109375,28.088064487130367,27.09105129868075,27.250733155410387,461847000
2021-12-21,29.01721954345703,29.062130190371207,27.346544620384616,28.31761243890149,524385000
2021-12-22,29.341571807861328,29.496264455360905,28.39246155550184,28.8335844910948,395184000
2021-12-23,29.58109474182129,29.99926267226298,29.372510460598956,29.69586596971552,343022000
2021-12-27,30.883501052856445,31.025219046682178,29.58109424412039,29.601054953911746,403686000
2021-12-28,30.261734008789062,31.26772997961943,29.952348778754626,31.249766105775617,420591000
2021-12-29,29.941377639770508,30.487291454884854,29.307639364299206,30.212838350656018,343139000
2021-12-30,29.527202606201172,30.39647191079737,29.481294496536442,29.76772287739856,308864000
2021-12-31,29.3525447845459,29.970315904627515,29.27270386110287,29.61502255799349,266530000
2022-01-03,30.061141967773438,30.649969635421968,29.72580924621189,29.75575031363,391547000
2022-01-04,29.23179054260254,30.40744890598463,28.29266068276136,30.216828510864207,527154000
2022-01-05,27.549142837524414,29.35754213554747,27.47828478816745,28.891469242287545,498064000
2022-01-06,28.12200164794922,28.38148518105102,27.011214536934588,27.585070703215145,454186000
2022-01-07,27.192848205566406,28.36551411614278,27.003225284481758,28.085072447229507,409939000
2022-01-10,27.345548629760742,27.41441175231118,25.593037744752408,26.52817595400394,594681000
2022-01-11,27.761720657348633,28.00922892073781,26.785665432331786,27.268702866777122,404089000
2022-01-12,27.943357467651367,28.53817178912904,27.553133765083295,28.011221217951395,383413000
2022-01-13,26.522186279296875,28.423399112253964,26.445337738615446,28.322600004609768,540171000
2022-01-14,26.888458251953125,27.142952562616813,26.157912587583745,26.247733885046436,395832000
2022-01-18,25.851524353027344,26.585064339420303,25.718789234872563,26.207815257948447,424270000
2022-01-19,25.01718521118164,26.490251872701148,25.00221562896833,26.027175156596083,488315000
2022-01-20,24.102006912231445,25.528167948115197,24.030149493539206,25.253714829631832,435181000
2022-01-21,23.32754898071289,24.773668763232777,23.216769512080788,23.460284088756683,718958000
2022-01-24,23.325551986694336,23.333535509414546,20.846489247606883,22.28562296184168,913982000
2022-01-25,22.279630661010742,22.89740178998286,21.95627520194665,22.501189559876266,664616000
2022-01-26,22.726741790771484,24.009187801451084,22.255679732041738,23.193812088529306,755959000
2022-01-27,21.900388717651367,23.947313152254385,21.631922323422884,23.521161726766028,573353000
2022-01-28,22.79460906982422,22.81257294726287,21.253676914429107,21.96825357562381,543774000
2022-01-31,24.43733787536621,24.46029288211656,23.006187716140168,23.135928523427957,564680000
2022-02-01,24.58903694152832,25.09502934074459,23.842522359091557,25.05411045530758,518925000
2022-02-02,25.19183349609375,25.765689573177465,24.5042017643659,25.742736472228845,543419000
2022-02-03,23.900405883789062,25.027161828554508,23.7327404966598,24.409392542148876,410178000
2022-02-04,24.27066993713379,24.58604192006064,23.58503497082933,23.924359424926656,354829000
2022-02-07,24.678857803344727,25.13195412147848,24.153902167281217,24.323564396360993,376868000
2022-02-08,25.058095932006836,25.179853189765385,23.93233765039662,24.310584072592466,410359000
2022-02-09,26.65192985534668,26.671890566783304,25.302617361297145,25.571081886954367,524282000
2022-02-10,25.772674560546875,26.871486170645973,25.549120732093876,25.943336131869465,513200000
2022-02-11,23.901405334472656,26.10002831228232,23.725756410566216,25.864497256375,605472000
2022-02-14,24.218772888183594,24.825564374214455,23.70778938191042,23.88643449693495,440424000
2022-02-15,26.44234275817871,26.492242623139074,24.734742881710144,24.8994139589256,699869000
2022-02-16,26.458309173583984,26.52916911213145,25.50121554773695,26.206811119026813,732676000
2022-02-17,24.458295822143555,25.733755858622583,24.11697644225443,25.579063213609647,810595000
2022-02-18,23.595016479492188,24.936345412834687,23.054093778189063,24.61897658197623,761255000
2022-02-22,23.3435115814209,24.016171787907638,22.954287318634705,22.989217603574094,633422000
2022-02-23,22.342512130737305,24.10700034959719,22.25668449016006,23.754701184582256,566511000
2022-02-24,23.700803756713867,23.752700460531262,20.848483782736597,20.973235364784678,735801000
2022-02-25,24.10899543762207,24.16887567421331,23.334538413225722,23.673862926506747,528866000
2022-02-28,24.33654022216797,24.61598446694235,23.659888105648218,23.944321576419384,477319000
2022-03-01,23.430339813232422,24.328552626962264,23.086026170341224,24.24272310643019,412056000
2022-03-02,24.17598533630371,24.3646429560286,23.372449827907296,23.71282974706903,389642000
2022-03-03,23.67090606689453,24.281793413023205,23.426350459230303,24.21790863660906,365095000
2022-03-04,22.89432144165039,23.636968924346505,22.441145979903247,23.34150728876282,431415000
2022-03-07,21.313196182250977,22.991142952296123,21.291236802671158,22.775533982357196,450821000
2022-03-08,21.47490119934082,22.33233933851528,20.61247108080546,21.270273834836342,557467000
2022-03-09,22.972179412841797,23.177804449774207,22.20657299008878,22.34631797597657,492742000
2022-03-10,22.6168270111084,22.74658993845794,21.84223617720569,22.49005698722869,428066000
2022-03-11,22.059837341308594,23.10293830541665,22.005934624302842,22.980160740629042,367209000
2022-03-14,21.291236877441406,22.221542360192014,21.1205481082041,21.829256910095523,385354000
2022-03-15,22.931251525878906,22.996133936687787,21.283252760840114,21.478895723800314,491996000
2022-03-16,24.451478958129883,24.552295223701535,23.129885914101745,23.457288892692095,671422000
2022-03-17,24.72099494934082,24.796855148357576,23.86255716757979,24.07616897857947,471941000
2022-03-18,26.404924392700195,26.520714705600792,24.57924978276127,24.753930982548006,730719000
2022-03-21,26.685415267944336,27.102656804840144,25.919808947289926,26.45882851334558,591727000
2022-03-22,26.475799560546875,27.18850274822909,26.024621290380676,26.678429776405682,547007000
2022-03-23,25.58741569519043,26.56363709584055,25.52852290161085,26.078520250553925,502120000
2022-03-24,28.098840713500977,28.268531837117266,25.859917039185778,26.11844711768974,877379000
2022-03-25,27.641672134399414,28.306462114881743,27.22143772985282,27.835319803468362,579016000
2022-03-28,28.1677188873291,28.198662689661013,27.15655927410769,27.705560928979263,425494000
2022-03-29,28.603923797607422,28.89339579270697,27.929151693458024,28.64285248149159,488984000
2022-03-30,27.639677047729492,28.44421198896582,27.45301662520504,28.252561491091658,463487000
2022-03-31,27.23641014099121,28.196661710311588,27.2204403767065,27.73150900758,523440000
2022-04-01,26.6634578704834,27.44603355303061,26.219266845372278,27.325253149263812,517235000
2022-04-04,27.310279846191406,27.507919979186674,26.564637612794822,26.679428397203534,397120000
2022-04-05,25.883874893188477,27.269352943730603,25.773076554519676,27.204470536288614,436615000
2022-04-06,24.36264419555664,25.254020976141952,23.959379064062016,24.88868689300515,703833000
2022-04-07,24.16400718688965,24.67707303806538,23.435334266714467,24.396583559935085,557992000
2022-04-08,23.076984405517578,23.879524117334512,23.02008878589578,23.873534503516744,524781000
2022-04-11,21.877172470092773,22.279440020786367,21.620639518313418,22.173633648146907,575207000
2022-04-12,21.46491813659668,22.683699749756602,21.243321479658512,22.496041696902733,662258000
2022-04-13,22.162649154663086,22.459110293944573,21.416009317470518,21.68851390489682,516943000
2022-04-14,21.2193660736084,22.735606515539892,21.124539407798157,22.464099572114247,569097000
2022-04-18,21.74341583251953,22.047859972637514,21.04069470290414,21.161475105293935,525701000
2022-04-19,22.15765953063965,22.332340741600348,21.27526524698662,21.680527560297847,512781000
2022-04-20,21.44295883178711,22.62879947914328,21.161471751554885,22.47607766412993,468974000
2022-04-21,20.146316528320312,22.351301148464913,19.963648580261875,21.66954198589993,656209000
2022-04-22,19.47953224182129,20.448768187334096,19.464560112515493,20.26610021349829,624713000
2022-04-25,19.86583137512207,19.90875249765362,19.061296409060496,19.167102763902953,641566000
2022-04-26,18.753854751586914,19.752037349254017,18.63606917460008,19.682164872038474,653143000
2022-04-27,18.381532669067383,19.132164853990513,18.256759849659264,18.564198736347848,499460000
2022-04-28,19.746049880981445,20.000587537213033,18.45639800746317,18.932530442416695,570327000
2022-04-29,18.513294219970703,20.091420341877647,18.48334805551463,19.36673991620479,500435000
2022-05-02,19.49750328063965,19.538427232283176,18.35757845927692,18.507305480868084,572049000
2022-05-03,19.56637191772461,19.788968084316135,19.09822447980406,19.364739395345126,475751000
2022-05-04,20.29704475402832,20.362924790823026,18.716921505243764,19.88679240340564,648855000
2022-05-05,18.80975341796875,19.888788220846624,18.466378728953146,19.830894968407897,626331000
2022-05-06,18.64105987548828,19.47653863115754,17.957305306226015,18.701949838466604,633297000
2022-05-09,16.919198989868164,18.22182592676912,16.796421410513055,18.001228764705814,644455000
2022-05-10,17.56302261352539,18.16492737651773,16.99405882150625,17.656851643260232,761474000
2022-05-11,16.599775314331055,17.720735437950946,16.537889624665944,17.315473177135534,670167000
2022-05-12,16.145606994628906,16.75749395581578,15.538712965856375,16.18952766493069,708728000
2022-05-13,17.673816680908203,17.89541329218365,16.562840722330424,16.757485982746577,670437000
2022-05-16,17.232624053955078,17.755671895048422,17.074912165379693,17.47717962452616,521446000
2022-05-17,18.143964767456055,18.33761243130052,17.60195235864929,18.041151322209387,585830000
2022-05-18,16.90721321105957,18.08506874726396,16.833348307496834,17.672819309592427,545161000
2022-05-19,17.092878341674805,17.654854836825514,16.703585856926992,16.906217932771696,621310000
2022-05-20,16.663663864135742,17.378362351094147,15.72637008787695,17.300504976295468,739105000
2022-05-23,16.867292404174805,16.884261708504855,16.14959916192552,16.244425835409945,639889000
2022-05-24,16.12464141845703,16.56683711237005,15.751321521154898,16.47999533080433,588550000
2022-05-25,16.944150924682617,17.079903445712347,15.97092245670094,15.990886566703573,781132000
2022-05-26,17.81855583190918,18.059117040216766,15.992879547579298,16.006854041805614,996575000
2022-05-27,18.776813507080078,18.846685983699807,18.06710524448989,18.15294938885793,738379000
2022-05-31,18.63806915283203,19.165109521892898,18.316653805372184,18.945508098862536,664100000
2022-06-01,18.286710739135742,19.018378619465658,18.08907056721627,18.68997787141501,544514000
2022-06-02,19.556396484375,19.58334784646,18.16493055901775,18.258759605191464,648656000
2022-06-03,18.685976028442383,19.296865145190786,18.488335935816092,19.047319515999547,598779000
2022-06-06,18.751863479614258,19.3018628580031,18.530266751355985,19.104222687168654,422406000
2022-06-07,18.89160919189453,18.965474128700176,18.154949381251356,18.43843370634058,388914000
2022-06-08,18.6180477142334,19.14919278784211,18.505228350019344,18.768804244012014,363252000
2022-06-09,18.019010543823242,18.902589231705353,18.01202181811601,18.451315596651252,395574000
2022-06-10,16.946739196777344,17.668577568814857,16.841906388728386,17.571733237446892,465248000
2022-06-13,15.621867179870605,16.285798979640894,15.580932670861289,15.974299858189175,604153000
2022-06-14,15.810562133789062,16.040192214090787,15.387242491326816,15.705730306415653,469680000
2022-06-15,16.50045394897461,16.840905821966867,15.90041852007138,16.069146736449664,563936000
2022-06-16,15.575939178466797,15.916391969438846,15.376260638736387,15.834522958828355,545749000
2022-06-17,15.8544921875,15.969307235334867,15.303378815321718,15.622864496998716,630334000
2022-06-21,16.539390563964844,16.980680030237714,16.380645564342693,16.44853713036233,483089000
2022-06-22,16.333721160888672,16.635236096967933,16.15400999438934,16.19993563125689,437135000
2022-06-23,16.198938369750977,16.558358811416724,15.827535215459164,16.492464841611433,463680000
2022-06-24,17.09848976135254,17.112467212054863,16.2838005267453,16.473495860765993,472153000
2022-06-27,16.84190559387207,17.302165607517388,16.599295854163095,17.284194868332495,427968000
2022-06-28,15.956329345703125,17.17436904148227,15.919388121687373,16.872854081714543,461149000
2022-06-29,15.517035484313965,15.79458882502246,15.14563326818601,15.788598896697644,482352000
2022-06-30,15.134649276733398,15.54199386594336,14.838126440244391,15.336324452753491,686070000
2022-07-01,14.49967098236084,15.038803524181898,14.368881846227062,14.875067404670956,577610000
2022-07-05,14.939964294433594,14.946953020435268,14.032424903135746,14.1522320426541,651397000
2022-07-06,15.105696678161621,15.294393215490263,14.765243873049544,14.985889549347426,529066000
2022-07-07,15.832527160644531,15.919387306256189,15.364280650557577,15.431173417202471,492903000
2022-07-08,15.812559127807617,16.011239824701722,15.36428001522436,15.40521452102006,467972000
2022-07-11,15.12766170501709,15.502059340934558,15.013844503778325,15.501060543530391,437321000
2022-07-12,15.05777359008789,15.406212969174792,14.85310295738434,15.243474689136713,458483000
2022-07-13,15.139639854431152,15.350301342288464,14.441763333884406,14.56656253178919,521918000
2022-07-14,15.347310066223145,15.448147677910026,14.704344370863568,15.0837341496782,456235000
2022-07-15,15.736681938171387,15.75664931750774,15.420190739657972,15.633847697054403,385935000
2022-07-18,16.075138092041016,16.86985906904583,15.976298082766748,16.275815455198785,670517000
2022-07-19,16.964706420898438,17.08251690860308,16.146023887163786,16.459518688005346,702366000
2022-07-20,17.77839469909668,17.904193653189743,16.774012086751018,16.919777466324557,760538000
2022-07-21,18.02100372314453,18.114852584461335,17.51681579289386,17.856269769328147,557049000
2022-07-22,17.291179656982422,17.93813754600972,17.109470902798687,17.86425701094861,536671000
2022-07-25,16.996654510498047,17.096494261320483,16.622256873127547,16.991661475600253,480748000
2022-07-26,16.506444931030273,16.89182460135965,16.451532969702946,16.86187210310339,397865000
2022-07-27,17.76141929626465,17.907184639586514,16.885827487094517,17.004635782366,569776000
2022-07-28,17.95511245727539,18.11086201941648,17.41198753684129,17.946128040860202,474646000
2022-07-29,18.133821487426758,18.214690737393028,17.663577472387534,17.784383376939545,435460000
2022-08-01,18.411373138427734,18.815723161166186,17.961097490393723,18.152788464359265,476469000
2022-08-02,18.49624252319336,18.90758142194784,18.062939600781153,18.09289210018399,489527000
2022-08-03,18.862651824951172,18.937532114170036,18.10786566973609,18.154791057227346,418146000
2022-08-04,19.184133529663086,19.243038768382238,18.729864509468054,18.818722242281332,409652000
2022-08-05,18.95849609375,19.19811032548753,18.636015011697438,18.7797827890261,386068000
2022-08-08,17.76441764831543,18.2097022715193,17.214304052200333,17.473886632127186,981859000
2022-08-09,17.058555603027344,17.41897579817991,16.69713756258524,17.224289326765735,668263000
2022-08-10,18.067930221557617,18.08889639705217,17.289182479721063,17.6695709828763,597422000
2022-08-11,17.91318130493164,18.67695387002045,17.84728732822926,18.101878818020555,509327000
2022-08-12,18.678951263427734,18.687937585550177,17.924164950841256,18.130833221090132,478094000
2022-08-15,19.00143051147461,19.133218463446653,18.58310478628588,18.670962786172225,457666000
2022-08-16,18.84867286682129,19.11125087643797,18.47127981939262,18.889607370873275,451240000
2022-08-17,18.305545806884766,18.65797938877472,18.115852393296763,18.49324543441833,446799000
2022-08-18,18.742843627929688,18.83469489391409,18.15379125601455,18.271601730397578,415447000
2022-08-19,17.820329666137695,18.49025135099446,17.74145609340944,18.37643415192169,441588000
2022-08-22,17.00663948059082,17.529797971537494,16.93874791361986,17.461906404566534,409593000
2022-08-23,17.15340232849121,17.436946542201706,16.94274081093071,16.961711297149357,369986000
2022-08-24,17.194337844848633,17.378042316071028,16.867863413110875,16.984674160286165,522661000
2022-08-25,17.884225845336914,17.918171626071466,16.805960762250074,16.816942772656006,770691000
2022-08-26,16.23387908935547,17.895205487932916,16.210915322065308,17.828313684831375,769127000
2022-08-29,15.775619506835938,16.311756661031318,15.741674674911415,15.994268556184212,496132000
2022-08-30,15.443154335021973,16.013236290955273,15.157613482274343,15.934363667656111,530181000
2022-08-31,15.06975269317627,15.515036332831574,14.934969330165726,15.35928679586059,573710000
2022-09-01,13.914612770080566,14.356901003294752,13.248684378970617,14.186175206862451,1178865000
2022-09-02,13.625078201293945,14.14823567963121,13.569167449536392,14.077350584914733,743157000
2022-09-06,13.443370819091797,13.756866558635831,13.329553621636906,13.70894332767748,535751000
2022-09-07,13.696037292480469,13.819875427153379,13.328519264616045,13.545235047868433,512657000
2022-09-08,13.971677780151367,13.989654808399921,13.351491735146373,13.44137306668779,624873000
2022-09-09,14.368158340454102,14.455044295388618,14.107500475650557,14.138459061636421,486612000
2022-09-12,14.486003875732422,14.527948688246315,14.179405773307693,14.350182305946856,484159000
2022-09-13,13.113804817199707,13.903769386262226,13.081847131926162,13.783926637848186,714956000
2022-09-14,13.110807418823242,13.272594961389391,12.896088837173366,13.23664185667735,588507000
2022-09-15,12.912067413330078,13.215669180142505,12.773249515880076,12.99795522520399,523625000
2022-09-16,13.180715560913086,13.194697165247513,12.600476123758247,12.725312420987274,670751000
2022-09-19,13.364474296569824,13.445368542937578,12.99296174366855,12.994958979609367,569685000
2022-09-20,13.158743858337402,13.46534195963584,13.039900223317943,13.19769329297533,524818000
2022-09-21,13.243632316589355,14.012624337752102,13.092830051959995,13.195695797303914,807679000
2022-09-22,12.544551849365234,13.131782189001923,12.411726585498068,13.052885163272478,759162000
2022-09-23,12.49960708618164,12.594482927543599,12.24094648413454,12.403733103156807,663309000
2022-09-26,12.211987495422363,12.642423822702893,12.198005888949607,12.474643592604306,547343000
2022-09-27,12.396743774414062,12.719320720938102,12.241947032432883,12.490620532839431,553854000
2022-09-28,12.719319343566895,12.80620529041185,12.337819690787777,12.393746102104021,542414000
2022-09-29,12.203996658325195,12.483629696855662,11.930355327743255,12.431697751600325,532763000
2022-09-30,12.123103141784668,12.61645665148019,12.059186824350094,12.071171193395665,565638000
2022-10-03,12.495614051818848,12.661397019747188,12.089146528346182,12.330830178093539,547478000
2022-10-04,13.149754524230957,13.202685557771737,12.862131621505267,12.862131621505267,584182000
2022-10-05,13.191701889038086,13.303555685075708,12.604472555223252,12.894092749837501,507131000
2022-10-06,13.112807273864746,13.638118535560412,13.085842201838538,13.202689577384717,644157000
2022-10-07,12.06018352508545,12.65340538919283,12.006254351296162,12.488621538051891,672478000
2022-10-10,11.654715538024902,12.108120441007816,11.393058603226073,12.021234494107956,698699000
2022-10-11,11.570825576782227,11.83048431565809,11.268221984145713,11.54585774929641,667482000
2022-10-12,11.484938621520996,11.719630502652882,11.330141889388276,11.563835628802222,492590000
2022-10-13,11.944337844848633,12.062183348670452,10.798839583929336,10.956632667736919,850103000
2022-10-14,11.212294578552246,12.095136498134389,11.189324941245705,12.041207328950483,713432000
2022-10-17,11.872430801391602,11.932352643403792,11.501917332402892,11.502915474188297,580774000
2022-10-18,11.95132827758789,12.475640367724393,11.602785343462813,12.327834421594872,659362000
2022-10-19,12.03521728515625,12.333826444729338,11.818501467347717,11.863442610170829,523131000
2022-10-20,12.178031921386719,12.752278755225092,12.08914776794108,12.097137665108534,652398000
2022-10-21,12.449673652648926,12.481632285200682,11.871432413251382,12.0821555690685,609494000
2022-10-24,12.582500457763672,12.69335515427323,12.048201240588062,12.491620026626292,517457000
2022-10-25,13.243632316589355,13.28258175046069,12.647414059994293,12.677375456026189,505482000
2022-10-26,12.879111289978027,13.370466592779119,12.691357769324208,12.852147174952409,532953000
2022-10-27,13.158743858337402,13.819877533588544,13.104814677814026,13.61214975532052,583113000
2022-10-28,13.815882682800293,13.831862475965329,13.043895236732384,13.086839145065817,521040000
2022-10-31,13.479323387145996,13.819877352516734,13.27958550774582,13.759955512484012,486341000
2022-11-01,13.525264739990234,13.906764454492945,13.501296001998105,13.79291342524304,432817000
2022-11-02,13.201687812805176,14.191390140892414,13.1936988689507,13.83186195195651,672628000
2022-11-03,13.403424263000488,13.762953440077196,12.939033996652151,13.02591996046557,500065000
2022-11-04,14.137460708618164,14.210365058332465,13.67906125202417,13.967683273201919,612576000
2022-11-07,14.282272338867188,14.393127044208452,13.935727569364591,14.209367978816218,410061000
2022-11-08,14.582878112792969,14.87149920944687,14.197382968646812,14.781616917016805,595292000
2022-11-09,13.757959365844727,14.192390121308478,13.740981430455777,14.143453551229962,454414000
2022-11-10,15.72937297821045,15.752342620008893,14.527948421204893,14.780617338263776,700819000
2022-11-11,16.30561637878418,16.367535452388744,15.461723751407225,15.786297912123384,655487000
2022-11-14,16.273658752441406,16.518338717650273,15.901147120330615,16.196759933471668,527852000
2022-11-15,16.644176483154297,16.975740560635188,16.360547980780158,16.700102908154662,545876000
2022-11-16,15.889163970947266,16.340571692497278,15.85221272363111,16.140834757175984,649547000
2022-11-17,15.656468391418457,16.244697698362444,15.514654166070915,15.694418730732606,710894000
2022-11-18,15.388819694519043,15.981043471785322,15.10019767858643,15.945089416031916,492072000
2022-11-21,15.296941757202148,15.45673207416043,15.060251659699267,15.12716430732762,404739000
2022-11-22,16.016996383666992,16.03697064838447,15.10219563199428,15.307926177427646,472866000
2022-11-23,16.497364044189453,16.50535489230616,16.026982150723164,16.07691590341239,427241000
2022-11-25,16.24869155883789,16.465406408074,16.15082033660223,16.296629028257563,167934000
2022-11-28,15.80627155303955,16.335578114870664,15.704405855375358,16.00501033484104,303741000
2022-11-29,15.618518829345703,15.9111353323506,15.499675191959904,15.806272346937764,298384000
2022-11-30,16.905160903930664,16.912153494374177,15.580558497425681,15.68045251052316,565298000
2022-12-01,17.11693572998047,17.24679783970152,16.61746285278934,16.981079427481237,470977000
2022-12-02,16.85820770263672,16.915148722341915,16.42766233403227,16.64143742283547,371389000
2022-12-05,16.59249496459961,16.97708943325426,16.45463991807469,16.66142248786207,352255000
2022-12-06,15.970148086547852,16.55552985566231,15.802324959390125,16.512575914907618,352694000
2022-12-07,16.103010177612305,16.16894059762961,15.650486623430005,15.7553764476407,372388000
2022-12-08,17.150903701782227,17.160893389958503,15.94217810718751,16.255848218840367,515456000
2022-12-09,16.983078002929688,17.564465224613613,16.957106340396344,17.141910790847255,465338000
2022-12-12,17.516517639160156,17.519514736231685,16.779296541065285,17.019043348066607,457328000
2022-12-13,18.05295181274414,18.770195420423224,17.692332261799088,18.51146764054295,656589000
2022-12-14,17.655370712280273,18.23276249935812,17.401638727640112,17.968040523898743,496888000
2022-12-15,16.934127807617188,17.30173986952119,16.68239457922902,17.127923524585228,478542000
2022-12-16,16.553531646728516,17.023037438901543,16.392702058076296,16.846223968965074,478232000
2022-12-19,16.236865997314453,16.591491326415667,16.127981643599433,16.554531578863497,354039000
2022-12-20,16.068044662475586,16.292807881891594,15.835291407365762,16.047066889019305,403260000
2022-12-21,16.483606338500977,16.60947488301715,16.085026742432447,16.097015130166447,325025000
2022-12-22,15.322830200195312,16.120988676666293,14.866312166020125,16.077034434147475,565045000
2022-12-23,15.189969062805176,15.322828265363803,14.867309638492962,15.179979376887854,349326000
2022-12-27,14.106114387512207,15.084082448789612,14.04118237491811,15.05810983428577,464902000
2022-12-28,14.021203994750977,14.24696558584254,13.869363801000764,13.912318692934731,351066000
2022-12-29,14.587605476379395,14.667521065652995,14.212002397327266,14.38681810611413,354923000
2022-12-30,14.598592758178711,14.613576333948352,14.217993928793062,14.318887276673246,310490000
2023-01-03,14.299908638000488,14.98019143326443,14.081139646053048,14.83534383569061,401277000
2023-01-04,14.733451843261719,14.837342302451898,14.225987933937839,14.5516444923479,431324000
2023-01-05,14.249963760375977,14.548648374304229,14.133086509590795,14.475725368544696,389168000
2023-01-06,14.843335151672363,14.99417598326044,14.019205095866276,14.45874080807322,405044000
2023-01-09,15.611527442932129,16.03907580315993,15.125040304206118,15.267890176019389,504231000
2023-01-10,15.892230987548828,15.945174618132851,15.455691347514714,15.490654302177573,384101000
2023-01-11,15.984132766723633,16.011104732768004,15.546594737725535,15.823303178294324,353285000
2023-01-12,16.49359130859375,16.619457911768272,15.475665637799224,16.08302534756965,551409000
2023-01-13,16.881187438964844,16.904163911762296,16.147961873227626,16.260841726815173,447287000
2023-01-17,17.6833438873291,17.709317461991862,16.88119065568685,16.88119065568685,511102000
2023-01-18,17.35868263244629,17.854158152300805,17.263781558432793,17.648375934651437,439624000
2023-01-19,16.747325897216797,17.178871599912767,16.71336324869982,17.01804012030735,452932000
2023-01-20,17.8201961517334,17.837178429750637,16.80726509622476,16.993067946601407,564967000
2023-01-23,19.172771453857422,19.224716691811057,17.799220697894288,18.04495979923427,655163000
2023-01-24,19.244691848754883,19.474450850170054,18.800161235154988,18.80715382585874,496204000
2023-01-25,19.302631378173828,19.349582719059857,18.560414551747876,18.893063715882672,449537000
2023-01-26,19.781124114990234,20.14474069411191,19.257676365647274,19.680230760238217,489535000
2023-01-27,20.34353256225586,20.60625581574819,19.384545434625117,19.441484557009698,542142000
2023-01-30,19.141801834106445,20.118769651142287,19.12981344690093,19.92897130354372,488611000
2023-01-31,19.516407012939453,19.66624851924581,18.930025867048208,19.14979328260832,498017000
2023-02-01,20.920923233032227,21.169659387182808,19.590326660737446,19.670242250628736,660477000
2023-02-02,21.686113357543945,21.925860113730366,20.6781782034606,20.977861172359162,564276000
2023-02-03,21.077756881713867,21.72207738368297,20.76708391302964,20.9778619200745,429366000
2023-02-06,21.066774368286133,21.54726642186655,20.764092306791717,20.78407168546999,452197000
2023-02-07,22.149625778198242,22.235535559887833,21.12770349826597,21.359459276744385,664150000
2023-02-08,22.181591033935547,22.853881881192613,21.98479821168747,22.363398373809797,559651000
2023-02-09,22.31345558166504,22.99573622959342,22.09668525553156,22.58217304827231,523876000
2023-02-10,21.24258041381836,22.05472302081003,20.789060483609514,21.667133493771495,550737000
2023-02-13,21.765031814575195,22.024757958584203,20.93990234696834,21.515295357490146,474919000
2023-02-14,22.94678497314453,23.024701862590533,21.343475492983863,21.55525189893666,675474000
2023-02-15,22.74000358581543,22.830907263123883,22.082698167631655,22.52523007264076,420575000
2023-02-16,21.978809356689453,22.5262301612366,21.90388764913277,22.109669887606003,412026000
2023-02-17,21.365455627441406,21.717083871627388,20.952890859592024,21.608199514245356,465888000
2023-02-21,20.633228302001953,21.471342710023446,20.59626664817325,20.97786395244178,410015000
2023-02-22,20.73212242126465,21.081753858938534,20.399473261638228,20.685172986353002,513184000
2023-02-23,23.639055252075195,23.862820062689913,23.0007288852004,23.415292346798566,1117995000
2023-02-24,23.261455535888672,23.4492590122832,22.922814050705714,23.200520912956318,589716000
2023-02-27,23.476224899291992,23.854825071141974,23.429275467548678,23.6450473658971,452994000
2023-02-28,23.191526412963867,23.79988559289662,23.1815367258424,23.347362102450354,455963000
2023-03-01,22.674074172973633,23.231486553591107,22.48427391696802,23.167552933250114,460026000
2023-03-02,23.2894229888916,23.355353400499368,22.40835276964801,22.464295399339527,389415000
2023-03-03,23.864818572998047,23.874808261321643,23.10561940844885,23.295419675920705,412393000
2023-03-06,23.529170989990234,24.222437736222577,23.462240277861365,23.865815628810815,437429000
2023-03-07,23.267404556274414,24.103664219579663,23.22044523812733,23.579128902669357,515154000
2023-03-08,24.159608840942383,24.178593039415297,23.40327852623449,23.466222520970515,513573000
2023-03-09,23.41526985168457,24.4323690005714,23.362315331755266,24.15361456298328,501257000
2023-03-10,22.944684982299805,23.606100023101337,22.705896084995054,23.388292457422022,474866000
2023-03-13,22.9456844329834,23.277391485551078,22.27727749488012,22.731874936608868,421890000
2023-03-14,24.041717529296875,24.197579694405405,23.439250204223796,23.475219568886814,474910000
2023-03-15,24.206571578979492,24.264518937841256,23.33933927282555,23.739983668370748,524486000
2023-03-16,25.51840591430664,25.56536331504733,23.872861642086114,24.00574531202844,583253000
2023-03-17,25.702247619628906,26.375651279421106,25.645296921004547,25.95902028263856,848547000
2023-03-20,25.877090454101562,26.000981321988803,25.107771080019624,25.592342695819287,432747000
2023-03-21,26.175830841064453,26.36866095810992,25.358555335995277,26.15684854280883,547408000
2023-03-22,26.444589614868164,27.564598386349715,26.21379303359335,26.401626474238157,797295000
2023-03-23,27.166948318481445,27.47467644266125,26.66639202441552,27.091015330476242,564889000
2023-03-24,26.755313873291016,27.142971183393072,26.331689105706722,27.007091792651533,454920000
2023-03-27,26.507535934448242,26.97612101034624,26.341682380127203,26.81326506197413,361026000
2023-03-28,26.386642456054688,26.4895520016458,25.8271382618564,26.42361038825946,356104000
2023-03-29,26.96013069152832,27.054047407093574,26.573473879413093,26.80127284346235,393694000
2023-03-30,27.358781814575195,27.47468035198424,27.07803019459777,27.204918683423134,364516000
2023-03-31,27.752431869506836,27.809380660660256,27.08102536446216,27.115994254760153,433933000
2023-04-03,27.940265655517578,27.97523454624746,27.311822283407086,27.48466960367856,398716000
2023-04-04,27.42871856689453,27.975235662091706,27.28284778669967,27.941265336695817,368592000
2023-04-05,26.85722541809082,26.97412061023067,26.371655203421952,26.80527136414144,515015000
2023-04-06,27.013084411621094,27.05604564313856,26.40362339232595,26.560484102488175,397654000
2023-04-10,27.554607391357422,27.59657006024275,26.645412420852104,26.7992755400983,395279000
2023-04-11,27.144968032836914,27.76541901115848,27.1020048950003,27.699477407319026,314378000
2023-04-12,26.471569061279297,27.443708127929558,26.424609743141254,27.345795224515363,446259000
2023-04-13,26.439594268798828,26.863219050562652,26.305713912619126,26.710354492654048,353615000
2023-04-14,26.734333038330078,26.859222480822282,26.196808771126577,26.48055798084649,395660000
2023-04-17,26.978116989135742,26.98211316139373,26.409620037298097,26.541503250119483,321471000
2023-04-18,27.642526626586914,28.085135558158072,27.332801374544683,27.508646286112445,604812000
2023-04-19,27.906291961669922,27.975231168116007,27.207910892432235,27.33679648922481,358660000
2023-04-20,27.080028533935547,28.005210147455717,26.976120423056454,27.646526498743864,427713000
2023-04-21,27.095012664794922,27.15895713906588,26.698364452495547,26.928160559616323,345103000
2023-04-24,27.018081665039062,27.341794498427166,26.647409518060194,26.989107985798988,339282000
2023-04-25,26.217790603637695,27.2229013742331,26.201805913337573,27.054050219721624,378527000
2023-04-26,26.932157516479492,27.305827272348722,26.68138006807285,26.978118263771744,406337000
2023-04-27,27.201919555664062,27.47068264242289,26.601451283130864,27.338799421481617,377161000
2023-04-28,27.72446060180664,27.733451514466264,27.047058791443998,27.200923835753162,292216000
2023-05-01,28.884429931640625,29.03229974718171,27.755430216862095,27.81537661530885,570329000
2023-05-02,28.18504524230957,28.810492855585,28.05815868091553,28.65463071197907,402730000
2023-05-03,27.77741050720215,28.341911325325526,27.44770245263645,27.815377004737694,383387000
2023-05-04,27.537620544433594,27.834356814204146,27.21590486366876,27.626540615871196,321850000
2023-05-05,28.654634475708008,28.72956699907564,27.70647440681242,27.801389698676097,361494000
2023-05-08,29.125215530395508,29.194154745050692,28.32492531170623,28.49677215933893,344979000
2023-05-09,28.54572868347168,28.94737354959499,28.42483732148799,28.873439595641816,314869000
2023-05-10,28.859453201293945,29.087252189450044,28.435828416964906,28.97934600141485,369350000
2023-05-11,28.55272102355957,28.92439362497088,28.221015861335896,28.87044053584294,322149000
2023-05-12,28.314931869506836,28.754543198981384,28.02119130356018,28.503763865404448,274222000
2023-05-15,28.92738914489746,28.943375739340738,28.12709896933045,28.48278306832434,293926000
2023-05-16,29.187162399291992,29.84358282076136,28.80650075563799,28.81549166758805,449405000
2023-05-17,30.151309967041016,30.172291303095026,29.40397230888541,29.557835439948157,432535000
2023-05-18,31.649982452392578,31.799849406424173,30.29318370956392,30.383104263115214,748725000
2023-05-19,31.236347198486328,31.552067683944458,30.888655428377344,31.508105976511025,473908000
2023-05-22,31.148426055908203,31.49212165768894,30.652864468171376,30.87366776329227,372000000
2023-05-23,30.660856246948242,31.260325929202107,30.603907456096916,30.972580557946717,356253000
2023-05-24,30.510990142822266,30.579929358273947,29.77963722467679,30.183279227752074,721419000
2023-05-25,37.946407318115234,39.44508061098546,36.60259571255149,38.488926318360186,1543911000
2023-05-26,38.91154861450195,39.13534949472907,37.51678356815055,37.85648296620509,714397000
2023-05-30,40.07551574707031,41.90089915076008,39.913660310959735,40.55908873369142,923401000
2023-05-31,37.800537109375,40.259358998541856,37.78854668617227,39.45307354763965,1002580000
2023-06-01,39.734825134277344,40.01457626339759,38.306089619716126,38.45495609590561,635873000
2023-06-02,39.292213439941406,40.46417621230153,39.02345037446548,40.061532803064914,482731000
2023-06-05,39.1363525390625,39.53000121935848,38.67276227118168,38.87458325572637,396094000
2023-06-06,38.619815826416016,39.12536886577813,38.114262787053896,38.79566268178252,388729000
2023-06-07,37.44572448730469,39.46814549212033,37.32681796379226,38.88460205575025,511998000
2023-06-08,38.47991943359375,38.833643027365426,37.47570715034152,37.694534053593046,417772000
2023-06-09,38.73971939086914,39.679982507586125,38.53687882707075,39.0065091445359,427717000
2023-06-12,39.45116424560547,39.49912709454757,38.58784058808382,39.16938679625348,388701000
2023-06-13,40.989959716796875,41.06890039349555,39.70896332197463,40.154614126267326,613208000
2023-06-14,42.96342086791992,42.96641687824926,40.52032691306219,40.7921176516414,740465000
2023-06-15,42.61968994140625,43.255194841743766,42.11408458461737,42.5687310811785,568622000
2023-06-16,42.658653259277344,43.6868488037051,42.62767543128522,43.416060581927226,655709000
2023-06-20,43.773780822753906,43.95564168389906,42.64066770306491,42.96441594228362,451153000
2023-06-21,43.01137924194336,43.58093756834967,42.04713658375585,43.46702437838124,551603000
2023-06-22,42.991397857666016,43.39208183010409,42.20101528373677,42.21999763880809,417737000
2023-06-23,42.176029205322266,42.77555900672088,41.98218049927132,42.43083108618956,358140000
2023-06-26,40.60026168823242,42.73059631968799,40.06867574743641,42.42783159494467,594322000
2023-06-27,41.84328842163086,41.907237605323324,40.416406298926006,40.76713004512084,462175000
2023-06-28,41.08488082885742,41.81231277067348,40.4863497310759,40.628237095961644,582639000
2023-06-29,40.79011535644531,41.567507592478876,40.568288623316235,41.5255405787365,380514000
2023-06-30,42.268959045410156,42.516766447959405,41.46858596097829,41.64744701058792,501148000
2023-07-03,42.3798713684082,42.86449316721701,42.169037634447896,42.48379023030001,198209000
2023-07-05,42.28395080566406,43.143275924330226,42.05212974638505,42.102089932908285,323618000
2023-07-06,42.07011795043945,42.146058807449926,41.31370920237291,41.81132135922697,303582000
2023-07-07,42.46979904174805,43.18024602401447,42.14705329030634,42.288940665727566,355881000
2023-07-10,42.14704895019531,42.77755652632137,41.61646172857929,42.62367750322035,353908000
2023-07-11,42.37187957763672,42.72460451753315,42.03414612426581,42.44782043348418,298244000
2023-07-12,43.867706298828125,43.90068146612332,42.74358509464824,42.99938563817074,481277000
2023-07-13,45.94108963012695,46.118948189485444,44.457248919012514,44.48322958682048,478204000
2023-07-14,45.43348693847656,48.05044077711324,45.024806002911156,46.54661523204283,772075000
2023-07-17,46.42470932006836,46.459681830207685,45.2266483214971,46.25284659122238,510488000
2023-07-18,47.45690155029297,47.85858797189123,45.69827797708258,46.66452170058574,569164000
2023-07-19,47.04022216796875,47.78064441217516,46.70548479149979,47.426920872593946,427502000
2023-07-20,45.48444366455078,47.05022098399054,45.02680123666584,46.470672206647684,537865000
2023-07-21,44.27438735961914,45.83017417101583,44.06555098011311,45.7522321711593,963769000
2023-07-24,44.577152252197266,45.07376568294936,44.005600454709025,44.6960587806985,382516000
2023-07-25,45.64332580566406,46.14692998888213,44.88791571911896,44.90590321639875,348081000
2023-07-26,45.41649627685547,46.017028562917005,44.59513975878737,45.985052064508444,364237000
2023-07-27,45.864158630371094,47.3579901311291,45.71427423932529,46.48267474048324,455976000
2023-07-28,46.71348190307617,46.99026595538216,46.34477066056632,46.63154522435899,331194000
2023-07-31,46.69249725341797,47.093184983951005,46.4696718790696,46.71747924909827,251055000
2023-08-01,46.470680236816406,46.8633748778781,45.99105555116221,46.423716057239794,237858000
2023-08-02,44.23441696166992,45.804188803544235,43.353106032516,45.795196962836506,530142000
2023-08-03,44.4802360534668,45.082765789825466,43.76579426976614,43.76579426976614,324176000
2023-08-04,44.64509963989258,45.60634618505477,44.35832507301121,44.94986170170467,362666000
2023-08-07,45.38153076171875,45.50443580088547,44.52819761374418,45.07576998074253,322154000
2023-08-08,44.62911605834961,45.2066637195198,44.0215892371064,44.81796761407976,353843000
2023-08-09,42.5207633972168,44.27738970488,42.10108946258739,44.23941737277786,586449000
2023-08-10,42.35489273071289,43.53996721168232,41.80232325660613,42.12707017302428,492705000
2023-08-11,40.823089599609375,41.985183246912044,40.607258703595875,41.71838968414298,533085000
2023-08-14,43.71882629394531,43.76579047022575,40.279517041963544,40.454379600754656,690286000
2023-08-15,43.90567398071289,45.23263951322543,43.675854107414054,44.525192399223506,676512000
2023-08-16,43.45203399658203,44.640104468597144,43.37209465339346,44.4852267558164,527451000
2023-08-17,43.310142517089844,44.02758013920778,42.96740814260929,43.93565295261865,452395000
2023-08-18,43.26518630981445,43.543967759555116,41.62746631464266,42.60170338346073,583768000
2023-08-21,46.93031692504883,47.02823995825299,44.1874618900852,44.4592488124891,692573000
2023-08-22,45.632328033447266,48.14936145105243,45.29759061646536,48.09740011660735,755293000
2023-08-23,47.07920837402344,47.163142412730515,45.172697380646554,45.83018449557039,779046000
2023-08-24,47.12615966796875,50.22673658703904,47.12216498787686,50.17677640386691,1156044000
2023-08-25,45.982059478759766,47.76766250313572,44.98883254303396,46.975282602767756,925341000
2023-08-28,46.79841995239258,46.943307161709576,44.85294200358458,46.445695012544455,685192000
2023-08-29,48.74589538574219,49.04266428440614,46.35476299443785,46.62954971759292,701397000
2023-08-30,49.22551727294922,49.88799757012422,48.38717195801793,49.005687906612565,735206000
2023-08-31,49.31645202636719,49.70514814643913,48.9197627338808,49.34143402541549,528570000
2023-09-01,48.47111511230469,49.76110725432437,48.104401146535636,49.72313873006912,463830000
2023-09-05,48.51008605957031,48.81285082996846,47.82262363775037,48.185339110764936,382653000
2023-09-06,47.02811813354492,48.515077394105326,46.54745522657099,48.40715496062999,468670000
2023-09-07,46.20869064331055,46.311619313403384,45.120450870903866,45.4931913383561,433330000
2023-09-08,45.540157318115234,46.57343525598355,45.23936893896436,45.909901542782364,473069000
2023-09-11,45.14643096923828,46.13073944810292,44.2810350025815,46.11575054004364,473966000
2023-09-12,44.83864974975586,45.641090123079564,44.49988589641405,44.70674200428019,349256000
2023-09-13,45.45322036743164,45.897909142211645,44.471904231366715,44.568836579722586,398355000
2023-09-14,45.54915237426758,45.95486692026357,45.099466041293624,45.917894023696675,370097000
2023-09-15,43.86932373046875,45.567133950218214,43.77738515441512,45.309314822834715,506831000
2023-09-18,43.935272216796875,44.211080299105845,41.97064663049677,42.7181249588287,500271000
2023-09-19,43.48958969116211,43.93527718281478,42.971950102234956,43.80237069955783,373064000
2023-09-20,42.20948791503906,43.872326816521394,42.193500252380844,43.56953710623469,367108000
2023-09-21,40.988338470458984,42.07058192849427,40.95136557382746,41.55394487986268,450736000
2023-09-22,41.5809211730957,42.08556931771517,41.20218442357063,41.54294571690647,479236000
2023-09-25,42.1924934387207,42.506273177622504,41.14822175071883,41.56193389222181,419091000
2023-09-26,41.88172149658203,42.790086892150065,41.62589981227778,41.97165877768874,402282000
2023-09-27,42.438323974609375,42.84204482057062,41.59991333679484,42.30042372625329,444935000
2023-09-28,43.05888748168945,43.41563643301945,42.085569148140415,42.430325448929366,424663000
2023-09-29,43.46860122680664,44.11315092531868,43.27673406437453,43.796371119268684,397830000
2023-10-02,44.750709533691406,45.143432663496135,43.830351660184725,43.99923228856128,433298000
2023-10-03,43.48659133911133,45.09846705093091,43.215780788420936,44.77668963515232,470850000
2023-10-04,44.010231018066406,44.112160944881325,43.26175375973955,43.71144012859111,361821000
2023-10-05,44.65678024291992,44.868633936884216,43.85733989330729,44.01922546814457,393483000
2023-10-06,45.73002624511719,45.757007806644154,43.99523916079719,44.16212229169967,434436000
2023-10-09,45.241363525390625,45.573132266606365,44.33699712951298,44.810664938003,409675000
2023-10-10,45.7660026550293,46.226679104421834,45.056499625489394,45.278344642774314,368582000
2023-10-11,46.773292541503906,46.8262569088581,46.017820302651025,46.16371818891468,378137000
2023-10-12,46.91219711303711,47.57573461020595,46.297628975923374,46.744315234099965,481325000
2023-10-13,45.429229736328125,47.08307579073531,45.24835646569822,46.92718276252737,474115000
2023-10-16,46.06278991699219,46.192696327999904,44.880614130194836,45.0315095868921,375099000
2023-10-17,43.90729522705078,44.72272688542817,42.45031391518229,43.96925217503642,812333000
2023-10-18,42.1665153503418,43.18880316775222,41.79577619709707,42.561239807706784,627294000
2023-10-19,42.07158660888672,43.26675013363428,41.85273785103801,42.781089631153165,501233000
2023-10-20,41.35808181762695,42.4403252529677,41.049295810508625,41.860728698935155,477266000
2023-10-23,42.94497299194336,43.21778487682209,40.91639251850647,41.200194491752654,478530000
2023-10-24,43.63248825073242,43.66646488934986,42.66117113532344,43.04689918780669,401463000
2023-10-25,41.749813079833984,43.61950822005005,41.52597053911099,43.367681549704315,398379000
2023-10-26,40.297821044921875,42.22647269652664,39.852133556535904,41.8237544285133,541001000
2023-10-27,40.47169494628906,41.1772028106397,39.987033298118384,41.1012557128223,416784000
2023-10-30,41.13224411010742,41.73682099798971,40.45271885502617,41.05829830740535,388028000
2023-10-31,40.751502990722656,40.85043664876845,39.20258684468398,40.42173556666503,517969000
2023-11-01,42.295433044433594,42.35139367956083,40.84044890706074,40.855437818322336,437593000
2023-11-02,43.47559356689453,43.85332773061327,42.864021790189256,43.29771657075522,409172000
2023-11-03,44.97355651855469,45.27734115862164,43.692450744970955,43.989244118396975,424610000
2023-11-06,45.719032287597656,45.90290564428218,44.86762640814462,45.25335828782106,400733000
2023-11-07,45.922889709472656,46.18570260804149,45.12644574728523,45.687054558944546,343165000
2023-11-08,46.54145431518555,46.834248828049994,45.93587499644732,46.06778272127609,346719000
2023-11-09,46.91719055175781,48.19629482563236,46.71732955595706,47.43382754729244,540496000
2023-11-10,48.30122756958008,48.438132884975005,47.249964459009426,47.46681189639429,421245000
2023-11-13,48.586021423339844,49.081676995363466,48.06538560948801,48.28623183718149,384136000
2023-11-14,49.621299743652344,49.799176764113575,49.00573287416369,49.645285046741414,416954000
2023-11-15,48.85383987426758,49.92508940872805,48.1663208904743,49.90010916476034,475497000
2023-11-16,49.4454231262207,49.49039366266599,48.29622902861317,48.644984172997816,339756000
2023-11-17,49.263553619384766,49.68225956451404,48.972756588136555,49.48939362933796,325205000
2023-11-20,50.373775482177734,50.51267829045294,49.14663294635536,49.27754192431734,414120000
2023-11-21,49.90910339355469,50.48170107547834,49.18760774710226,50.09097543368955,565747000
2023-11-22,48.68195343017578,50.29982144046333,47.65666949538865,49.817161099137216,899420000
2023-11-24,47.74261474609375,48.886815068886136,47.711634365879085,48.43613001762004,294645000
2023-11-27,48.208290100097656,48.49608705256933,47.6187022270162,47.766597618423056,395662000
2023-11-28,47.78757858276367,48.28923046522846,47.439822215751256,48.20228946745971,401491000
2023-11-29,48.106361389160156,48.727928411184934,47.826558260033494,48.345196613263326,382005000
2023-11-30,46.73732376098633,48.076387698516726,46.389567324354005,47.990445435742124,526247000
2023-12-01,46.732322692871094,47.16702011217605,46.15472745047927,46.4924925258304,369317000
2023-12-04,45.47819519042969,46.04480030339198,44.97854459860675,46.04480030339198,437543000
2023-12-05,46.537559509277344,46.57153532629203,45.24334850919928,45.438229098759074,371718000
2023-12-06,45.47520065307617,47.358052404807324,45.3842566412969,47.18615659482553,380590000
2023-12-07,46.56753158569336,46.600512368918565,45.57613709541874,45.67207911260122,350823000
2023-12-08,47.47697448730469,47.71183151295026,46.5215573196364,46.566531807194686,359224000
2023-12-11,46.598514556884766,47.50196163403656,45.802004370558734,47.461988967358906,509728000
2023-12-12,47.62788772583008,47.63688109924922,46.017871828359986,46.017871828359986,372387000
2023-12-13,48.058624267578125,48.56431567041087,47.5789179572985,47.59990503689136,447792000
2023-12-14,48.32046127319336,48.6402654789673,47.39303060139569,48.36043775200682,391232000
2023-12-15,48.860130310058594,49.373816223552424,48.09060027989247,48.164556381448534,479948000
2023-12-18,50.046409606933594,50.402191134156865,49.11997773498407,49.36982501987744,412587000
2023-12-19,49.573692321777344,49.66963433728467,48.86512588284418,49.39380199579273,464444000
2023-12-20,48.081607818603516,49.9684548790202,48.0686152726536,49.624663268494515,397894000
2023-12-21,48.96006774902344,49.065003134313834,48.389413683730325,48.78117626784754,300425000
2023-12-22,48.800174713134766,49.35283451146827,48.43739367116176,49.16494962310715,252507000
2023-12-26,49.24889373779297,49.56969677808233,48.930088377699356,48.93808291084912,244200000
2023-12-27,49.386810302734375,49.64965012045702,49.05501239405432,49.48075464580007,233648000
2023-12-28,49.49174880981445,49.85352719386826,49.38181539341571,49.6126770927999,246587000
2023-12-29,49.49174880981445,49.96646094313931,48.72121986722186,49.7825714182401,389293000
2024-01-02,48.138572692871094,49.26488309320295,47.565924699352884,49.21391556134482,411254000
2024-01-03,47.539939880371094,48.15456203597886,47.2910914479061,47.45599156277329,320896000
2024-01-04,47.96868133544922,48.47037358886087,47.4789789763883,47.737819636783634,306535000
2024-01-05,49.06700897216797,49.51673484987403,48.27649179251623,48.43239854255895,415039000
2024-01-08,52.2210807800293,52.24307051371221,49.44877695414858,49.48175774230581,642510000
2024-01-09,53.10753631591797,54.291813775257275,51.658421354299875,52.368989354850214,773100000
2024-01-10,54.316795349121094,54.566642620850935,53.45632128428564,53.58324641272958,533796000
2024-01-11,54.788509368896484,55.31219134586392,53.527283064841185,54.9654031964735,596759000
2024-01-12,54.676570892333984,54.936414165440496,54.29680581989595,54.58662573046888,352994000
2024-01-16,56.347557067871094,56.800279452629056,54.86646395445467,54.984391900558016,449580000
2024-01-17,56.018760681152344,56.43650460830921,54.706563019184806,56.312579806380306,474394000
2024-01-18,57.072113037109375,57.5648119047759,56.07272391506558,57.225019450786334,491650000
2024-01-19,59.454654693603516,59.463648066531206,57.19003646845247,57.953569636409725,543501000
2024-01-22,59.6175537109375,60.294142049642225,59.03391087179113,60.012312843126566,452955000
2024-01-23,59.83642578125,59.8734019281728,58.549210583878605,59.53360947543731,294654000
2024-01-24,61.32451629638672,62.81060746868792,59.90138636580081,60.2671639217423,560271000
2024-01-25,61.57935333251953,62.68068121321326,60.812819855881294,62.311903373896776,482777000
2024-01-26,60.99371337890625,61.74525668401416,60.535996808090815,60.92275760795634,390309000
2024-01-29,62.42683792114258,62.45082152019551,60.86979110422985,61.19458949954275,348733000
2024-01-30,62.73564529418945,63.45420777642383,62.22195939324812,62.86157157548254,410735000
2024-01-31,61.48941421508789,62.230961514394274,60.66291975637589,61.40246556305648,453795000
2024-02-01,62.988502502441406,63.152403792502625,61.61234469457068,62.06206677730192,369146000
2024-02-02,66.11958312988281,66.55930912654547,63.65108714697043,63.93491403332179,476578000
2024-02-05,69.28964233398438,69.45454244217241,67.16394292298222,68.18331639891433,680078000
2024-02-06,68.18132781982422,69.71139089039546,66.25950589737128,69.58746608269533,683111000
2024-02-07,70.0561752319336,70.17710350841662,67.5587013332111,68.2772638618389,495575000
2024-02-08,69.59844970703125,70.75074512715133,69.412566337875,70.03118381151026,414422000
2024-02-09,72.08895111083984,72.14091368127717,70.1691190330097,70.48992214211897,436637000
2024-02-12,72.20386505126953,74.56542046599529,71.2064736279646,72.55564739281085,613710000
2024-02-13,72.08395385742188,73.40514518374027,69.5774897432117,70.35701222131028,602580000
2024-02-14,73.8548583984375,74.19065168292555,71.89405893388704,73.15728673605686,504917000
2024-02-15,72.61360931396484,73.92980608164119,72.35577132172895,73.82387565740021,420122000
2024-02-16,72.5686264038086,74.35653464053262,72.45669533307102,74.05471723562285,495327000
2024-02-20,69.40957641601562,71.91204456852859,67.69262359545532,71.90304738257117,704833000
2024-02-21,67.4307861328125,68.84592156210476,66.2075347659216,67.96445653317794,673755000
2024-02-22,78.49002838134766,78.52700071768926,74.17466516688725,74.97917375100998,865100000
2024-02-23,78.76885223388672,82.34366290568272,77.5226123761237,80.74064650613892,829388000
2024-02-26,79.04369354248047,80.59674521460998,78.45704646976243,79.6513162598183,503973000
2024-02-27,78.65291595458984,79.4314469973946,77.1148623296948,79.3325008302499,391705000
2024-02-28,77.61556243896484,78.88478331880187,77.07788905731108,77.57258943700786,393110000
2024-02-29,79.06367492675781,79.9411369643908,78.30213934805526,79.04568817875618,507289000
2024-03-01,82.22872924804688,82.24972013852617,79.38646508056598,79.95112232187887,479135000
2024-03-04,85.18492126464844,87.6414196546175,83.6678509917937,84.07859536447201,615616000
2024-03-05,85.91551971435547,86.04844794548417,83.36995895717057,85.22191083370436,520639000
2024-03-06,88.64997100830078,89.67339555623481,86.98091470216241,87.97235961581464,582520000
2024-03-07,92.61672973632812,92.71467403344542,89.55145830366479,90.10714445366249,608119000
2024-03-08,87.4786376953125,97.34507194141518,86.45721088913098,95.08434657912662,1142269000
2024-03-11,85.72561645507812,88.74690616090122,84.11852182933525,86.38024574570308,678364000
2024-03-12,91.86116790771484,91.90813847414768,86.10141744907258,87.99934858682109,668075000
2024-03-13,90.83674621582031,91.4523961522475,88.3851266027404,91.00365185687127,635713000
2024-03-14,87.89440155029297,90.5948811522506,86.55115777095088,89.52648380331242,602318000
2024-03-15,87.7874526977539,89.49548835416286,86.20834970674177,86.88096661769565,642086000
2024-03-18,88.40511322021484,92.3528823706334,87.03588315502401,90.33702166642148,668976000
2024-03-19,89.34758758544922,90.49293740706634,84.96206166270107,86.65110342037197,672171000
2024-03-20,90.32102966308594,90.35901024319512,88.17323967680368,89.74634940187569,479063000
2024-03-21,91.3834228515625,92.59574371140432,90.3540050520513,92.2479404308415,480372000
2024-03-22,94.23580932617188,94.72453187599703,90.78275659770236,91.0895826139038,586719000
2024-03-25,94.94841003417969,96.71141493346599,93.45725487677139,93.88801151365493,552136000
2024-03-26,92.50880432128906,96.32065669701714,92.4498394808451,95.79695009267564,513648000
2024-03-27,90.1990966796875,93.18740810778951,89.07273343467564,93.0594819501001,586067000
2024-03-28,90.30503845214844,91.24850624285476,89.14269241707345,89.9492364441801,435212000
2024-04-01,90.31202697753906,92.17297617207028,89.15368416261286,90.24806771473163,452441000
2024-04-02,89.40155792236328,90.04319416490718,87.57059032830745,88.39811868898816,433064000
2024-04-03,88.913818359375,90.32302673450899,88.35014110939444,88.43409336471458,370067000
2024-04-04,85.85653686523438,90.58287298050408,85.83154944356146,90.35499714995936,434965000
2024-04-05,87.95836639404297,88.4310991932804,85.87753991776991,86.81700456921507,399678000
2024-04-08,87.08385467529297,88.77989605626742,86.68307988880372,88.64996450448324,283220000
2024-04-09,85.30584716796875,87.58556628736338,82.97516956737525,87.39267436773328,501700000
2024-04-10,86.98991394042969,87.35071040768491,83.66179013581636,83.87867062101493,431929000
2024-04-11,90.56488800048828,90.687819723934,86.87697442257391,87.37069146521046,431637000
2024-04-12,88.13626861572266,90.1241530507074,87.48064030544892,89.64841591771264,426805000
2024-04-15,85.95248413085938,90.56188189803133,85.88052615088108,89.04773715751944,443077000
2024-04-16,87.3656997680664,88.06829858635284,86.01546379198004,86.38425134878223,370453000
2024-04-17,83.98759460449219,88.7249183584023,83.90263584788114,88.2901585822677,495400000
2024-04-18,84.62324523925781,86.14139337931326,82.35552770602675,84.9220802095837,447260000
2024-04-19,76.15702819824219,84.27644766930946,75.56336900757456,83.10311370735981,875198000
2024-04-22,79.47314453125,80.02783178093904,76.35690706369323,78.0599406532052,596341000
2024-04-23,82.37651824951172,82.72232381135599,80.21873912417956,80.72345160999099,438559000
2024-04-24,79.6320571899414,84.03457116657118,79.13833255489368,83.90264184401371,512208000
2024-04-25,82.58538818359375,83.2759926322814,78.178871245499,78.82350402342217,424641000
2024-04-26,87.68553161621094,88.28119623524096,83.33998364388893,83.77074038243197,551011000
2024-04-29,87.70750427246094,87.94236470516184,85.21790438488335,87.54559308685103,388971000
2024-04-30,86.35327911376953,88.76891600613489,86.25133925368692,87.19080401105087,363709000
2024-05-01,82.99414825439453,85.9514784070707,81.20915281271795,85.02900264492887,559863000
2024-05-02,85.76859283447266,86.18835408667036,83.15306466582874,84.4013606664833,377898000
2024-05-03,88.7389144897461,89.23063371341577,86.9909005732954,87.73947860212795,398341000
2024-05-06,92.08804321289062,92.167999932275,89.0047837068724,89.33959389106546,376203000
2024-05-07,90.5029296875,91.72923505394095,88.96080064953647,91.04662159823116,437342000
2024-05-08,90.36100769042969,91.14256430274753,89.36956281384657,89.43253081814441,325721000
2024-05-09,88.69695281982422,91.02063858717587,88.18124497678554,90.47794554376881,378013000
2024-05-10,89.82730102539062,91.3494445724532,89.17666725781999,90.25406212026445,335325000
2024-05-13,90.3480224609375,90.94668368485891,88.47907428372562,90.4269726636133,289680000
2024-05-14,91.30448150634766,91.5993133075769,88.88384272491611,89.5484686052902,296507000
2024-05-15,94.57662963867188,94.80850105677926,91.54734077306348,92.41984953324487,417735000
2024-05-16,94.3057861328125,95.7649618311796,94.04992617640089,94.85647788998737,323952000
2024-05-17,92.42683410644531,94.68656039026546,91.75421718471637,94.31577507944353,359691000
2024-05-20,94.72655487060547,95.1463162138061,93.38731412084368,93.6971368800976,318764000
2024-05-21,95.33219909667969,95.3461911389766,93.12744211033531,93.54620449229954,328946000
2024-05-22,94.89643859863281,95.96583473980165,93.19640167904086,95.40515417154504,548648000
2024-05-23,103.74046325683594,106.26003756449907,101.46274160839002,101.9704583406549,835065000
2024-05-24,106.40894317626953,106.41493649766242,102.94189825157174,104.39007837740144,429494000
2024-05-28,113.83675384521484,114.87417036274923,109.82102250000426,110.18181893492428,652728000
2024-05-29,114.76022338867188,115.42684694644582,110.83844096973402,112.98623077828327,557442000
2024-05-30,110.43766021728516,115.75365968930379,109.60113443300703,114.5853204744456,484553000
2024-05-31,109.5711669921875,112.65342715935483,106.87968513049076,112.45653205108225,613263000
2024-06-03,114.93513488769531,114.93513488769531,111.93982368190672,113.55691490102478,438392000
2024-06-04,116.37132263183594,116.53423270815343,113.98067349692546,115.65073625073813,403324000
2024-06-05,122.37094116210938,122.37993114467406,117.40174545593459,118.30423600418825,528402000
2024-06-06,120.92974853515625,125.51615686058132,118.25325773862335,123.97802351582399,664696000
2024-06-07,120.81981658935547,121.62336396697008,117.95543577009146,119.70244332667052,412386000
2024-06-10,121.72130584716797,123.0305645078952,116.94400320335374,120.30210862140808,313434100
2024-06-11,120.85173797607422,122.81079255068147,118.68277788836801,121.71131653242202,222551200
2024-06-12,125.13966369628906,126.8188544177255,122.51093382538542,123.00069556163665,299595000
2024-06-13,129.5475311279297,129.7374419918796,127.09871503024357,129.32763594350715,260704500
2024-06-14,131.81643676757812,132.77596549255935,128.2581551805241,129.8973640661816,309320400
2024-06-17,130.91688537597656,133.66556033801308,129.5175660413327,132.92592665460285,288504400
2024-06-18,135.51466369628906,136.26430225949593,130.6270208742377,131.07680096187468,294335100
2024-06-20,130.7169647216797,140.69215023640655,129.45757751387328,139.73262148324963,517768400
2024-06-21,126.5090103149414,130.5670591372875,124.24010749891087,127.05874834066508,649445800
2024-06-24,118.05306243896484,124.39999972182731,117.98309648941706,123.18058663623754,476060900
2024-06-25,126.02922821044922,126.43903427437067,119.26249431645674,121.14158551930763,414192600
2024-06-26,126.3390884399414,128.0582531537486,122.54091663746888,126.06921428451571,362975900
2024-06-27,123.93025970458984,126.34909954846492,122.8607755337046,124.0402073168441,252571700
2024-06-28,123.48046875,127.648457456266,122.69084852465333,124.5199685039101,315516700
2024-07-01,124.2400894165039,124.77982242138177,118.77272478188227,123.41048765323478,284885500
2024-07-02,122.61087799072266,123.35052684202405,120.9716689903923,121.07161927076024,218374000
2024-07-03,128.21817016601562,128.21817016601562,121.30150730962696,121.60136576540062,215749000
2024-07-05,125.76936340332031,128.78791231292527,125.61943416430904,127.31861187118912,214176700
2024-07-08,128.13819885253906,130.70696731901708,126.9787619894619,127.42854201917729,237677300
2024-07-09,131.3166961669922,133.7555228326683,128.58800070420872,130.28719371816868,285366600
2024-07-10,134.84498596191406,135.03489683470838,132.35618048673416,133.96540518326054,248978600
2024-07-11,127.33860778808594,136.0843835595481,126.98877797734232,135.6845824191085,374782700
2024-07-12,129.17771911621094,131.85642018701742,127.15868837162228,128.19818043978003,252680500
2024-07-15,128.37811279296875,131.32668826604316,127.11871779694197,130.49708637675548,208326200
2024-07-16,126.29910278320312,128.97780386568002,124.51996185494663,128.3781021800115,214769500
2024-07-17,117.9331283569336,121.79126850169425,116.66374383425097,121.29150949460832,390086200
2024-07-18,121.0316390991211,122.34101295266511,116.50382347473696,121.79127496540796,320979500
2024-07-19,117.8731689453125,121.54139851435873,117.31344125378135,120.29200089882109,217223800
2024-07-22,123.48046875,124.01021213043963,119.8022417845173,120.29200352530061,258068900
2024-07-23,122.53092193603516,124.62991607602876,122.04116019537173,122.72083281792666,173911000
2024-07-24,114.1949462890625,119.8921965766103,113.38533904444206,119.11257365575831,327776900
2024-07-25,112.22589111328125,116.57379332567128,106.24877714220031,112.98552700492492,460067000
2024-07-26,113.00550079345703,116.14398665212225,111.52621844802754,116.13399696280182,293399100
2024-07-29,111.53620910644531,116.22395093081532,111.24635559929368,113.63520299096253,248152100
2024-07-30,103.68000793457031,111.93602131829121,102.49057904635741,111.46624662712419,486833300
2024-07-31,116.9636001586914,118.28296369436077,110.82655987338046,112.84559062727486,473174200
2024-08-01,109.1573715209961,120.1020993651303,106.75852653969832,117.4733618639685,523462300
2024-08-02,107.21829986572266,108.66760564065457,101.32114936142939,103.70999693537759,482027500
2024-08-05,100.4015884399414,103.36016867781126,90.6462974352404,92.0156323292122,552842400
2024-08-06,104.19976806640625,107.65809998114993,100.50155392872522,103.78996196090817,409012100
2024-08-07,98.86235046386719,108.7475850159453,98.64245523610103,107.7580564909976,411440400
2024-08-08,104.91941833496094,105.44916171874115,97.47300376138202,101.95084829679239,391910000
2024-08-09,104.69952392578125,106.54863093775165,103.3801603016259,105.58909444979487,290844200
2024-08-12,108.96745300292969,111.01646802839923,106.20878871222484,106.26875735419573,325559900
2024-08-13,116.08402252197266,116.1739831093698,111.52622277964618,112.38580888904526,312646700
2024-08-14,118.02310180664062,118.54284787534027,114.0150319977807,118.4728819117515,339246400
2024-08-15,122.80078887939453,123.18060299513529,117.41338717159643,118.70276637796893,318086700
2024-08-16,124.51996612548828,124.93976189528415,121.12160307679298,121.88123896431732,302589900
2024-08-19,129.93736267089844,129.93736267089844,123.36053125322975,124.22011749326396,318333600
2024-08-20,127.18868255615234,129.81742012912812,125.82933728380516,128.33812230971984,300087400
2024-08-21,128.4380645751953,129.28766098618868,126.59895509298427,127.25863301570179,257883600
2024-08-22,123.68035888671875,130.68698241163722,123.04066795762931,129.9573385201996,376189100
2024-08-23,129.30763244628906,129.53753255606168,125.15963905002394,125.79932992863567,323230300
2024-08-26,126.39905548095703,131.19673768949764,124.31006635411407,129.50756494551362,331964700
2024-08-27,128.23817443847656,129.1377346219971,123.82029866993177,124.98974063480068,303134600
2024-08-28,125.54946899414062,128.26815944285755,122.580899020736,128.05825393148814,448101100
2024-08-29,117.5333251953125,124.37003270157089,116.65375204642187,121.30151255769351,453023300
2024-08-30,119.31246948242188,121.69131963851615,117.16350420185492,119.47238840117339,333751600
2024-09-03,107.94795227050781,116.15399476413343,107.238295351223,115.95409419910477,477155100
2024-09-04,106.1588134765625,113.21540862229497,104.06982436712501,105.3592035946603,372470300
2024-09-05,107.15834045410156,109.59716719188593,104.70952402528704,104.93940893047393,306850700
2024-09-06,102.78044891357422,108.09788494505915,100.90134998938433,107.98793734308131,413638100
2024-09-09,106.41868591308594,106.49864918568733,103.64002700878578,104.8294482794324,273912000
2024-09-10,108.04789733886719,109.34727382600163,104.89941402443941,107.75803619556127,268283700
2024-09-11,116.8536605834961,117.13352442144715,107.36822866067497,109.33728046789619,441422400
2024-09-12,119.0927734375,120.7421209186122,115.33426173002456,116.79368208487448,366052700
2024-09-13,119.05278015136719,119.91243980632909,117.55337484057826,119.03279143615939,238358300
2024-09-16,116.73370361328125,118.13315013570288,114.31466480568342,116.74370178435876,248772300
2024-09-17,115.54417419433594,118.75290839853001,114.78448096424103,118.12315326201993,231925900
2024-09-18,113.32505798339844,117.65333558843457,113.17511592459984,115.84405559100924,310318900
2024-09-19,117.8232650756836,119.61255622221333,117.20350817184061,117.30346699468771,293506400
2024-09-20,115.95401000976562,118.57297401582413,115.34425124357021,117.01358731596827,382462400
2024-09-23,116.21392059326172,116.94362697511984,114.81447398076047,116.50380656220895,206228500
2024-09-24,120.82208251953125,121.75171411597229,115.33425359874879,116.4738010232417,354966800
2024-09-25,123.4610366821289,124.89047006468225,121.5617884105282,121.97162190060216,284692900
2024-09-26,123.9908218383789,127.61937987933592,121.75171208350119,126.7497296956914,302582900
2024-09-27,121.35187530517578,123.98082995705606,119.21272426875333,123.92085618310571,271009200
2024-09-30,121.39186096191406,121.45183473616015,118.1031642748816,118.26309688166123,226553700
2024-10-01,116.95361328125,122.39145893750027,115.74409392230913,121.72171877480598,302094500
2024-10-02,118.80288696289062,119.33267565347262,115.09435850244638,116.39384623986545,221845900
2024-10-03,122.80130004882812,124.31070361178112,120.29229289145833,120.87206480654892,277118000
2024-10-04,124.87047576904297,124.99043094258552,121.78170440742984,124.89047211115172,243678100
2024-10-07,127.66937255859375,130.58821322989388,124.9004663256647,124.94045138468705,346250200
2024-10-08,132.83731079101562,133.42707320550807,129.36868536610157,130.20834865989482,285722500
2024-10-09,132.597412109375,134.46668122269037,131.32792651292905,134.0568400839603,246191600
2024-10-10,134.75656127929688,134.94648840712318,130.94807393580103,131.8577168886846,242311300
2024-10-11,134.74656677246094,135.72617401836632,133.60701929174726,133.9568713960576,170209500
2024-10-14,138.01527404785156,139.54466630986312,136.24597143489578,136.4159022137037,232347700
2024-10-15,131.54783630371094,138.5150744275185,128.68896947491228,137.8153397242487,377831000
2024-10-16,135.66619873046875,136.56583584893667,131.527840530584,133.92688301499192,264879700
2024-10-17,136.87571716308594,140.83415423256426,136.81574338597488,139.28476556198524,306435900
2024-10-18,137.94529724121094,138.8449343829922,137.22558142668973,138.61502982502418,176090200
2024-10-21,143.6530303955078,143.6530303955078,137.94528751258602,138.07524085271365,264554500
2024-10-22,143.5330810546875,144.3627538949317,141.72380093133486,142.85335791004843,226311600
2024-10-23,139.50466918945312,142.37352650102258,137.40551088320953,141.97369118156848,285930000
2024-10-24,140.35433959960938,141.293969386979,138.40511570705533,140.76418072009866,172354900
2024-10-25,141.48388671875,144.0728716327459,140.74418981710016,140.8741279131319,205122100
2024-10-28,140.46429443359375,143.08325084097928,139.9944795471596,142.94330695476953,173586700
2024-10-29,141.19400024414062,142.20359433012132,138.8449258203989,140.23437413304583,157593600
2024-10-30,139.28475952148438,140.27437255912164,136.75576367804047,139.48467718743143,179418100
2024-10-31,132.70736694335938,137.55545044959692,132.05763071180766,137.54545990469654,270039600
2024-11-01,135.34632873535156,137.25557537634637,134.5166711244238,134.64660922766117,207127800
2024-11-04,135.99607849121094,138.90492874894582,135.51627301400697,137.15562237613318,187528200
2024-11-05,139.8545379638672,140.31434706066804,137.27555894461494,137.39550649112996,160537400
2024-11-06,145.55227661132812,146.4319326348536,141.90372967757455,142.90333324876622,242043900
2024-11-07,148.8209991455078,148.8709671267726,146.1120664908763,146.33198051831096,207323300
2024-11-08,147.57147216796875,149.7106230852884,146.20200497714438,148.7110195677981,175665800
2024-11-11,145.20240783691406,148.7909962143961,143.51309063046196,148.62105018654825,182325600
2024-11-12,148.23118591308594,149.59064718789998,145.952091313065,146.72179022487757,198634700
2024-11-13,146.21202087402344,149.27080540839845,145.84215717514013,149.01091396688446,191903300
2024-11-14,146.7018280029297,148.94094569769402,145.49231611296014,147.5814841067195,194463300
2024-11-15,141.9237060546875,145.18242335032573,140.02446543358045,144.81255966940228,250132900
2024-11-18,140.09442138671875,141.49387540802257,137.09561095173166,139.44468522690033,221205300
2024-11-19,146.95172119140625,147.07168399645053,140.9341184421503,141.26398946372595,227834900
2024-11-20,145.83216857910156,147.5015047606034,142.67341754276418,147.3515703217148,309871700
2024-11-21,146.6118621826172,152.8293979645091,140.64422730754492,149.290807835149,400946600
2024-11-22,141.8937225341797,147.1016638018941,141.04406865837018,145.87214043901812,236406200
2024-11-25,135.96607971191406,141.99368792347047,135.7661620516237,141.93371415065735,344941900
2024-11-26,136.86573791503906,139.24479962175627,135.61623327961902,137.6454275873218,190287700
2024-11-27,135.2863311767578,137.1655905980091,131.74774157257602,134.95646019838466,226370900
2024-11-29,138.19520568847656,139.29477581313424,135.99608069190262,136.7257870913165,141863200
2024-12-02,138.57504272460938,140.39431322408433,137.76536630294407,138.77496038075373,171682800
2024-12-03,140.20440673828125,140.48429454860658,137.8953246767264,138.2051993772479,164414000
2024-12-04,145.0824737548828,145.73221002899123,140.23438993110327,141.94371889092554,231224300
2024-12-05,145.0124969482422,146.49200804389403,143.9028598130552,145.06248362625453,172621200
2024-12-06,142.3933563232422,145.65228325014007,141.26372149336697,144.5526526293818,188505600
2024-12-09,138.7645263671875,139.90415231737651,137.08508402113657,138.92447761551347,189308600
2024-12-10,135.0257568359375,141.77354545828368,133.74616214517607,138.96445323342698,210020900
2024-12-11,139.2643585205078,140.12407738797447,135.16571086465208,137.31500040642362,184905200
2024-12-12,137.2949981689453,138.39464386571996,135.7555094472505,137.0350888468848,159211400
2024-12-13,134.20602416992188,139.55427778956917,132.4965775973186,138.89449032268433,231514900
2024-12-16,131.95675659179688,134.35596424649526,130.37727237183418,134.13603509853905,237951100
2024-12-17,130.3472900390625,131.54689392732612,126.81844751374322,129.04771280436398,259410300
2024-12-18,128.86778259277344,136.6552244722092,128.23798405143236,133.8161583001621,277444500
2024-12-19,130.63717651367188,133.98608501684748,129.50755712091288,131.7168244915274,209719200
2024-12-20,134.65586853027344,135.2356803497186,128.1779956829599,129.76747112979962,306528600
2024-12-23,139.62425231933594,139.74420813475027,135.07573952144836,136.23536324975828,176053500
2024-12-24,140.17408752441406,141.8535301026856,138.60459428405517,139.95415834100334,105157000
2024-12-26,139.88417053222656,140.8038826879709,137.68489400548984,139.65425012018665,116205600
2024-12-27,136.96511840820312,138.97446981750295,134.66588395063462,138.50462254046806,170582600
2024-12-30,137.44496154785156,140.2240495546706,133.97609715556487,134.78582934588258,167734700
2024-12-31,134.2460174560547,138.02479365615312,133.7861766339878,137.98479821279548,155659200
2025-01-02,138.26470947265625,138.83453015425235,134.58592176996075,135.95546829733047,198247200
2025-01-03,144.4226837158203,144.85253555834646,139.68423069189672,139.96413776465596,229322500
2025-01-06,149.38104248046875,152.11015917129038,147.77158452702758,148.5413213081193,265377400
2025-01-07,140.09408569335938,153.07983530547875,139.9641234037018,152.97986196669754,351782200
2025-01-08,140.06410217285156,143.90284057175748,137.51493447299714,142.5332942493383,227349900
2025-01-10,135.86549377441406,139.87417502688794,134.17604480086774,137.40498271998055,207602500
2025-01-13,133.18637084960938,133.44629547754278,129.46758770744978,129.94744151880715,204808900
2025-01-14,131.71682739257812,136.33532416409136,130.00739616366573,136.00543044799826,195590500
2025-01-15,136.1953887939453,136.4053114797544,131.24699764678536,133.60622538989423,185217300
2025-01-16,133.5262451171875,138.70454064615834,133.44626949753135,138.59457607585483,209235600
2025-01-17,137.66490173339844,138.45463626831489,135.41563868932835,136.6452315490251,201188800
2025-01-21,140.78387451171875,141.78354697270905,137.0450940162502,139.1144233323199,197749000
2025-01-22,147.0218505859375,147.7416007949869,143.62295473278476,144.61263605764083,237651400
2025-01-23,147.17178344726562,147.18177468068177,143.67292977388993,145.0024960002277,155915500
2025-01-24,142.57327270507812,148.92119854206575,141.83352489203162,148.32138900097752,234657600
2025-01-27,118.38121032714844,128.3579371600633,116.66177248371496,124.75912547322825,818830900
2025-01-28,128.94776916503906,128.95776039928603,116.21193524354263,121.77011224340114,579666400
2025-01-29,123.65948486328125,126.84844257022412,120.0106863497111,126.458570906435,467120600
2025-01-30,124.60918426513672,124.95906813052294,118.06132604433881,123.05968876955973,392925500
2025-01-31,120.03067016601562,127.80812056780856,119.15096116009843,123.73945402173636,388161100
2025-02-03,116.62179565429688,118.53116613291392,112.9729895620065,114.71241754878405,371235700
2025-02-04,118.61113739013672,121.16029755445565,116.66177154188583,116.92168851369838,256550000
2025-02-05,124.78910827636719,124.95905075493906,120.72044188886218,121.72011429490169,262230800
2025-02-06,128.63783264160156,128.7278147473564,125.16897594069349,127.378250952721,251483600
2025-02-07,129.79747009277344,130.32729528258605,124.95905898960582,129.17767804139822,228186300
2025-02-10,133.5262451171875,134.95576927734325,129.91742726932324,130.04737430419848,216989100
2025-02-11,132.7565155029297,134.43595803743202,130.9770996135579,132.5365863252507,178902400
2025-02-12,131.0970458984375,132.19669170682792,129.03772306980744,129.97741762356085,160278600
2025-02-13,135.2456817626953,136.45529216313562,131.127036067263,131.51690772043457,197430000
2025-02-14,138.80453491210938,139.20439781688884,135.4556258828613,136.4353006772254,195479600
2025-02-18,139.35435485839844,143.3930407195906,137.88483491061234,141.2237529999524,219176600
2025-02-19,139.18438720703125,141.3136943495984,137.17505112782226,139.46429426521587,167536000
2025-02-20,140.06410217285156,140.61392504988532,136.74518244514988,139.98412654948388,143903600
2025-02-21,134.38595581054688,141.41366694156105,133.98609294492073,139.99411868487,228217600
2025-02-24,130.23733520507812,138.544611438826,130.03740375103862,136.51527743543022,251381100
2025-02-25,126.5885238647461,130.1573543264651,124.39924631174091,129.93742515974864,271428700
2025-02-26,131.23699951171875,133.68619399137987,128.44792005609298,129.9474287481865,322553800
2025-02-27,120.11065673828125,134.96578360804298,119.97070319337837,134.9557923740472,443175800
2025-02-28,124.87908172607422,125.04902421361967,116.36187573271177,117.98134023479652,389091100
2025-03-03,114.02263641357422,123.65947815441595,112.2432206852501,123.46954557652553,411381400
2025-03-04,115.9520034790039,119.27091565466138,110.07393231302608,110.61375634258967,398163300
2025-03-05,117.2615737915039,118.24124845757764,114.47248692259635,117.54148083895355,284337900
2025-03-06,110.53378295898438,115.31221606989396,110.18389912538346,113.49281250827367,321181900
2025-03-07,112.65309143066406,113.44283358559466,107.52476685365718,111.21356065439609,341755500
2025-03-10,106.94496154785156,111.81336147496829,105.42545516002185,109.86400325750407,366487400
2025-03-11,108.72438049316406,112.20323643435479,104.73568182740638,106.95495594173273,354865700
2025-03-12,115.71273803710938,116.7325020716217,112.85341103244578,114.09312447156262,323857500
2025-03-13,115.55277252197266,117.73225924433854,113.76319330991835,117.0024278677365,299033100
2025-03-14,121.6413345336914,121.85128414551467,118.12216714928688,118.5820578648422,277593500
2025-03-17,119.50183868408203,122.86104771124882,118.00219206936818,122.711081524258,255501500
2025-03-18,115.40280151367188,118.99195194008684,114.51301183473794,117.97219563901088,299686900
2025-03-19,117.49230194091797,120.42161176372424,115.65273921562084,117.24236085578977,273426200
2025-03-20,118.50206756591797,120.17167220516042,116.44255543913019,116.52253841801043,248829700
2025-03-21,117.6722640991211,117.9621966837067,115.39280254041711,116.91244866461768,266498500
2025-03-24,121.38140106201172,122.19120779583362,119.31188140429414,119.8517551027078,228452500
2025-03-25,120.66156768798828,121.26142480153007,118.89198043130345,120.5216012824151,167447200
2025-03-26,113.73320007324219,118.81199741904777,112.68344440410922,118.70203035263671,293463300
2025-03-27,111.40374755859375,114.42303269482778,110.63393232562053,111.32376457585453,236902100
2025-03-28,109.64415740966797,112.84340799305504,109.04430030890691,111.46372827094805,229872500
2025-03-31,108.35446166992188,110.9338556226425,103.6255803841977,105.10522740758995,299212700
2025-04-01,110.12405395507812,110.17403760023085,106.4449205320371,108.49443304563391,222614000
2025-04-02,110.39398193359375,111.95361956622256,106.76483994973236,107.26472214391917,220601200
2025-04-03,101.7760238647461,105.60511590388697,101.57606639857329,103.48562015563714,338769400
2025-04-04,94.28778076171875,100.10640942744341,92.08830207120735,98.88670323249266,532273800
2025-04-07,97.61698913574219,101.72602116602216,86.59958951154498,87.43938789235719,611041300
2025-04-08,96.27731323242188,105.82505852328022,94.43774279946976,103.78553826456235,476243400
2025-04-09,114.30306243896484,115.07287764897656,97.5070179445592,98.86669810018236,612918300
2025-04-10,107.5446548461914,110.83388059600858,99.12664053501021,109.34423379452805,437812400
2025-04-11,110.90386199951172,111.52371865557488,107.45467796999777,108.47443427245335,313417300
2025-04-14,110.68391418457031,114.2630725146749,109.04430120283689,114.08311462021162,264705000
2025-04-15,112.1735610961914,113.5932323217664,110.47396469045397,110.94385517244878,228966900
2025-04-16,104.46538543701172,106.76484672728219,100.4263361362673,104.52537649088836,397016900
2025-04-17,101.4660873413086,104.44538862475022,100.02643178468185,104.42538906519317,292517500
2025-04-21,96.88717651367188,99.41657935183265,95.01761424618036,98.74673137333838,288501100
2025-04-22,98.86670684814453,99.78648832080442,97.25708545719098,98.75673214732677,241004800
2025-04-23,102.68579864501953,104.77531016741209,101.99595878138034,104.4953697335839,247526000
2025-04-24,106.40492248535156,106.51489717654988,103.08570507328525,103.45562063709751,220815000
2025-04-25,110.98385620117188,111.8936379045766,105.70510100806126,106.82483233532861,251064700
2025-04-28,108.70438385009766,110.343996814893,105.9950156815573,109.66415673478784,207708500
2025-04-29,108.99431610107422,110.17403844763395,107.41469407982767,107.64463563001284,170444300
2025-04-30,108.89433288574219,108.89433288574219,104.05547701680861,104.44538450923935,235044600
2025-05-01,111.58370208740234,114.91291927434723,111.27377757314032,113.05335693358144,236121500
2025-05-02,114.47303009033203,115.37281962529518,113.34329900218786,114.15310576985596,190194800
2025-05-05,113.7931900024414,114.64298826396649,112.63346720059009,112.88340831442672,133163200
2025-05-06,113.51325988769531,114.7129742117387,110.7938992837595,111.4537475013017,158525600
2025-05-07,117.03242492675781,117.65228163619798,112.25355204144066,113.02337494499027,206758800
2025-05-08,117.34236145019531,118.65205049698933,115.82271514729747,118.22215145930612,198428100
2025-05-09,116.62252044677734,118.20215005190205,115.18285724943865,117.32235248570746,132972200
2025-05-12,122.97103118896484,122.97103118896484,120.25167057965504,121.94127499373305,225023300
2025-05-13,129.89938354492188,131.18908818741485,124.44067836400953,124.95056035306071,330430100
2025-05-14,135.30810546875,135.40808800730593,131.6489642323906,133.16861033831793,281180800
2025-05-15,134.79823303222656,136.2678878895653,132.6287461607251,134.258351724734,226632600
2025-05-16,135.36810302734375,136.31789147723805,133.42857277146337,136.18791721457987,226542500
2025-05-19,135.53805541992188,135.83797251007488,132.35879696756518,132.35879696756518,193154600
2025-05-20,134.3483428955078,134.54829272140586,132.58874781513978,134.2583525069389,161514200
2025-05-21,131.76895141601562,137.36762292180558,130.55922977564506,133.02864907239967,270608700
2025-05-22,132.7987060546875,134.21836966107523,131.51900885300861,132.19884131725317,187344000
2025-05-23,131.25906372070312,132.64873565144939,129.12957588399638,129.96937433382988,198821300
2025-05-27,135.4680633544922,135.6280293045703,133.27857708527512,134.1183754403962,192953600
2025-05-28,134.7782440185547,137.2176717346689,134.75824445795843,135.9979578766118,304021100
2025-05-29,139.15721130371094,143.45620133736625,137.87751407348716,142.21648797143945,369241900
2025-05-30,135.09817504882812,139.58710766728817,132.88868890141003,138.6873257641086,333170900
2025-06-02,137.34764099121094,138.08745689917103,135.36809645457458,135.45808684638126,197663100
2025-06-03,141.1867218017578,141.9665367692297,137.91748812723765,138.74729436292043,225578800
2025-06-04,141.88656616210938,142.3564566649135,139.5071219355859,142.15650682982962,167120800
2025-06-05,139.95703125,143.96608121416313,138.79730082341692,142.13651043477643,231397900
2025-06-06,141.6865997314453,143.23623746842864,141.47664251332282,142.47640682683559,153986200
2025-06-09,142.59640502929688,144.96584183837217,141.9065651342004,143.15627066728982,185114500
2025-06-10,143.92608642578125,144.25599524562207,141.4966510569608,142.65638139553192,155881900
2025-06-11,142.80625915527344,144.96590375929992,141.84641202362192,144.5859620448177,167694000
2025-06-12,144.9759063720703,144.9759063720703,141.82643588786814,141.94641106631286,162365000
2025-06-13,141.94639587402344,143.556128789635,140.8265869783813,142.4563055840922,180820600
2025-06-16,144.66595458984375,146.1556971839991,143.1761967394354,143.32618096280035,183133700
2025-06-17,144.09603881835938,145.1958620737219,143.75609899624828,144.46598768948277,139108000
2025-06-18,145.455810546875,145.62578045463974,143.0962022725339,143.9860537050978,161494100
2025-06-20,143.8260955810547,146.17569581398777,142.6262828381709,145.42582047781178,242956200
2025-06-23,144.1460418701172,144.7559411184857,142.00639807778802,142.47632119978937,154308900
2025-06-24,147.87539672851562,147.93539956519925,145.47580197371775,145.53578955415,187566100
2025-06-25,154.28436279296875,154.4243389252029,149.23519867353343,149.24520677628502,269146500
2025-06-26,154.99423217773438,156.69394650127538,153.97439748110884,155.95406403411533,198145700
2025-06-27,157.7238006591797,158.68364793378802,155.23420870961348,156.01407794562124,263234500
2025-06-30,157.96376037597656,158.6336472456001,155.93409881773164,158.37368067249696,194580300
2025-07-01,153.2745361328125,157.17388214393176,151.46483925954294,156.26402965591922,213143600
2025-07-02,157.22386169433594,157.57380961936815,152.94457434216997,152.9545671877056,171224100
2025-07-03,159.3135223388672,160.95324924613055,157.74379112425564,158.34368228178877,143716100
2025-07-07,158.21371459960938,159.28352889047815,157.31385497697042,158.17371270193448,140139000
2025-07-08,159.97341918945312,160.19338386133896,158.36368604860908,159.3035323273478,138133000
2025-07-09,162.85293579101562,164.39267314506114,161.13322041798892,161.1932080055649,183656400
2025-07-10,164.07273864746094,164.4726660794993,161.5831469026993,164.29270331195812,167704100
2025-07-11,164.89259338378906,167.862101078866,163.44283738179527,163.6927958392512,193633300
2025-07-14,164.04273986816406,165.4625020418882,161.99307751467913,165.3425116109199,136975800
2025-07-15,170.671630859375,172.37134531045626,169.17188012202328,171.1615549258278,230627400
2025-07-16,171.34152221679688,171.72146396229547,168.87193138356372,171.03157616389174,158831500
2025-07-17,172.97125244140625,174.13106334471073,170.80161486292053,171.99141956059896,160841100
2025-07-18,172.38136291503906,174.22105359276725,171.23154479926822,173.61115431570738,146456400
2025-07-21,171.35153198242188,173.35119970444802,170.97159023323564,172.72129949000853,123126100
2025-07-22,167.00225830078125,171.36153479867312,164.55266825003173,171.31154005146294,193114300
2025-07-23,170.75161743164062,171.23153339032083,167.94208685699226,169.5018251648929,154082200
2025-07-24,173.7111358642578,173.80111724784433,171.27153886755505,172.41134882841166,128984600
2025-07-25,173.47117614746094,174.69097468726906,172.9312725713388,173.58115848322245,122316800
2025-07-28,176.7206268310547,176.97058528484683,173.94109004538618,173.99108478739527,140023500
2025-07-29,175.4808349609375,179.35020236643535,174.99092613442062,177.93044011853775,154077500
2025-07-30,179.24021911621094,179.86011122312902,176.01074478620916,176.48066791766442,174312200
2025-07-31,177.84043884277344,183.26954448460754,175.9007587673991,182.86960179799485,221685400
2025-08-01,173.69113159179688,176.51065501732398,170.86160006411595,174.06106522140865,204529000
2025-08-04,179.9700927734375,180.17005649193501,174.49100755408614,175.1309006070304,148174600
2025-08-05,178.23037719726562,180.23004490386853,175.87076869322405,179.59015184800575,156407600
2025-08-06,179.3901824951172,179.87009845787975,176.22071111043454,176.30069964693718,137192300
2025-08-07,180.73997497558594,183.84945895635624,178.7703010091291,181.53984513179375,151878400
2025-08-08,182.66964721679688,183.2695536485861,180.37002623661053,181.51984435483087,123396700
2025-08-11,182.0297393798828,183.80944232526838,180.2200426409657,182.01974653412333,138323200
2025-08-12,183.1295623779297,184.44933506001817,179.4301803710301,182.9295986692803,145485700
2025-08-13,181.55982971191406,183.93943921657484,179.3202115957667,182.58965738273272,179871700
2025-08-14,181.98974609375,182.98957985829236,179.43017409752198,179.72011917648817,129554000
2025-08-15,180.42001342773438,181.86976944489334,178.01041021115256,181.84978375259033,156602200
2025-08-18,181.979736328125,182.90958965389834,180.55997422620712,180.56998232776263,132008000
2025-08-19,175.61080932617188,182.46966985536903,175.46084035755914,182.39967416584764,185229200
2025-08-20,175.370849609375,175.9707560164781,168.77195541250927,175.1408920976954,215142700
2025-08-21,174.95091247558594,176.87059152353538,173.78110877087863,174.8209444570093,140040900
2025-08-22,177.96043395996094,178.56032512128596,171.17155351749952,172.58132291943235,172789400
2025-08-25,179.78012084960938,181.87977802218637,176.54066896263805,178.3203719824875,163012800
2025-08-26,181.7397918701172,182.35968393651802,178.7802771456414,180.03006938032237,168688200
2025-08-27,181.56983947753906,182.45969102424806,179.07025476697962,181.94976597929116,235518900
2025-08-28,180.1400604248047,184.43934897141472,176.3806906932069,180.7899615720414,281787800
2025-08-29,174.1510467529297,178.12038822306508,173.12121914292007,178.08040158317536,243257900
2025-09-02,170.75161743164062,172.351357635579,167.19221149694363,169.9717482776903,231164900
2025-09-03,170.59165954589844,172.38137081666613,168.851958278929,171.03158891427162,164424900
2025-09-04,171.63148498535156,171.83144870716828,169.381858788342,170.54166973363456,141670100
2025-09-05,166.9922637939453,169.0019244592772,164.04275681292185,168.00209055003162,224441400
2025-09-08,168.2820281982422,170.93159698121408,167.32219627229085,167.5221599855096,163769100
2025-09-09,170.7316131591797,170.95157781434446,166.71229229208453,169.0618925540675,157548400
2025-09-10,177.300537109375,179.26020289704138,175.44084555219968,176.61064931709572,226852000
2025-09-11,177.1505584716797,180.26021784214308,176.4606317396978,179.66027757334626,151159300
2025-09-12,177.80047607421875,178.5803891806412,176.43061617633268,177.75047851465564,124911000
2025-09-15,177.73049926757812,178.83038469078608,174.49084923140515,175.650725630949,147061600
2025-09-16,174.86080932617188,177.4805168617991,174.36086420825131,176.98057174387853,140737800
2025-09-17,170.27130126953125,173.18098551277336,168.39151800406466,172.62104942275718,211843800
2025-09-18,176.2206573486328,177.08056354559588,172.94101865721873,173.96089569350613,191763300
2025-09-19,176.6505889892578,178.06043774665943,175.16074718989944,175.7506939671915,237182100
2025-09-22,183.58984375,184.52974299714734,174.69082690233378,175.28075846993005,269637000
2025-09-23,178.410400390625,182.3999677661597,176.19065819152993,181.95002022927713,192559600
2025-09-24,176.9505615234375,179.76025041106172,175.38072666046574,179.75025700209653,143564100
2025-09-25,177.67050170898438,180.2402117285651,173.11100459099512,174.4608472798892,191586700
2025-09-26,178.17044067382812,179.750269051669,174.91078879333958,178.15043859744398,148573700
2025-09-29,181.83004760742188,183.97980553666213,180.30021674934378,180.41019002973698,193063500
2025-09-30,186.55950927734375,187.32942897828707,181.4600633204032,182.06000352373024,236981000
2025-10-01,187.21945190429688,188.11934700723293,183.87980694521147,185.21967144700423,173844900
2025-10-02,188.8692626953125,191.0290292282152,188.03935198339767,189.57919146332628,136805800
2025-10-03,187.5994110107422,190.33911589327732,185.35966652947783,189.16924608680657,137596900
2025-10-06,185.51962280273438,187.20943969833962,183.3098739831843,185.4796339074747,157678100
2025-10-07,185.01968383789062,189.03924688644503,183.97980469837793,186.20955566811082,140088000
2025-10-08,189.0892333984375,189.57918508139647,186.51950830089396,186.5495190429729,130168900
2025-10-09,192.54885864257812,195.27855455286462,191.039014711271,192.20888438710807,182997200
2025-10-10,183.139892578125,195.59851591827854,182.03001384654092,193.4887469873255,268774400
2025-10-13,188.29933166503906,190.08912842775598,185.93959015922437,187.9493639887039,153482800
2025-10-14,180.01022338867188,184.77970370013514,179.6802578066599,184.74970821605342,205641400
2025-10-15,179.8102569580078,184.84969686580231,177.2705272995106,184.77971248532194,214450500
2025-10-16,181.7900390625,183.2598789113643,179.75026972003684,182.20999112544493,179723300
2025-10-17,183.19989013671875,184.07979842608083,179.7302697995737,180.1602152773484,173135200
2025-10-20,182.6199493408203,185.1796658652692,181.7100455780644,183.10990104163824,128544700
2025-10-21,181.14010620117188,182.76991679751694,179.7802549646251,182.76991679751694,124240200
2025-10-22,180.2602081298828,183.4198648953589,176.74059027394597,181.12011433169937,162249600
2025-10-23,182.13999938964844,183.0098989665471,179.7702492811968,180.4001849787377,111363700
2025-10-24,186.23953247070312,187.44940625639555,183.47984116964938,183.81980015643103,131296700
2025-10-27,191.46897888183594,191.97891738858848,188.4093020699799,189.9691435897376,153452700
2025-10-28,201.0079345703125,203.12769700573313,191.8889404255143,193.0288146936141,297986200
2025-10-29,207.01727294921875,212.1667169482571,204.7575264516481,207.95717223581016,308829600
2025-10-30,202.8677215576172,206.13736677538768,201.38788833732997,205.12746791137428,178864400
2025-10-31,202.4677734375,207.94716749796044,202.04782138155986,206.42733011185774,179802200
2025-11-03,206.85728454589844,211.31678618801203,205.53742218982754,208.05714970598171,180267300
2025-11-04,198.66818237304688,203.9476013046771,197.90825607143535,202.9777066091775,188919300
2025-11-05,195.18858337402344,202.89772869539195,194.6286320152979,198.7481902403631,171350300
2025-11-06,188.05935668945312,197.59830279082226,186.35954634625867,196.39843756369172,223029800
2025-11-07,188.1293487548828,188.29934352754728,178.8903723972709,184.87970536775757,264942300
2025-11-10,199.0281524658203,199.91805415635875,193.76872011438098,195.08858253564551,198897100
2025-11-11,193.1387939453125,195.3985402959953,191.2789975702345,195.13857433756354,176483300
2025-11-12,193.7787322998047,195.86849924763862,191.1090271797132,195.69851973704638,154935300
2025-11-13,186.8394775390625,191.4189763426968,183.82981362374773,191.02901978717685,207423100
2025-11-14,190.14910888671875,190.98901295495202,180.56016596493993,182.8399142970662,186591900
2025-11-17,186.5795135498047,188.9792438771453,184.29976516169708,185.9495778546046,173628900
2025-11-18,181.340087890625,184.7797126313021,179.6302689297591,183.3598703733926,213598900
2025-11-19,186.49952697753906,187.8393762025218,182.8099296469334,184.76970592228736,247246400
2025-11-20,180.6201629638672,195.97847686300787,179.83025642841662,195.92847930218133,343504800
2025-11-21,178.86036682128906,184.5397359279593,172.91100782704066,181.22010834266524,346926200
2025-11-24,182.52996826171875,183.4798609481747,176.4606271183833,179.47030653663683,256618300
2025-11-25,177.80047607421875,178.14043506786686,169.53138015579162,174.89079203873564,320600300
2025-11-26,180.24020385742188,182.8899220695924,178.22043661727494,181.6100638206842,183852000
2025-11-28,176.98056030273438,179.2703020816569,176.48061521713345,178.99033405428943,121332800
2025-12-01,179.90025329589844,180.2802164760195,173.66093259662904,174.7408159055669,188131000
2025-12-02,181.44007873535156,185.63961443898967,179.98023235974816,181.7400335835938,182632200
2025-12-03,179.57028198242188,182.4299686383783,179.09033894604931,181.06012391136443,165138000
2025-12-04,183.37008666992188,184.51002440204854,179.95027347354184,181.61017209543593,167364900
2025-12-05,182.40013122558594,184.6500094505641,180.9002124089338,183.88004685245298,143971100
2025-12-08,185.5399627685547,187.98982714518382,182.39012406320575,182.6301165694494,204378100
2025-12-09,184.95999145507812,185.70995086836587,183.31008684903045,185.54995586495326,144719700
2025-12-10,183.77005004882812,185.46995496958337,182.03013874897007,184.9599880707457,162785400
2025-12-11,180.92019653320312,181.31019006496976,176.61043233199788,180.27023782951787,182136600
2025-12-12,175.01052856445312,182.81010931847595,174.61054106596097,181.10019518559332,204274900
2025-12-15,176.28045654296875,178.4103461991077,175.02053019793698,177.93037643785232,164775600
2025-12-16,177.71038818359375,178.48035080582065,174.8905333961456,176.25046044282257,148588100
2025-12-17,170.93075561523438,176.12047730871902,170.30078481189744,176.0904801521757,222775500
2025-12-18,174.1305694580078,176.14045512074784,171.8107030234881,174.52054772862792,176096000
2025-12-19,180.98020935058594,181.4401759084778,176.3304518785618,176.6604358481607,324925900
2025-12-22,183.6800537109375,184.15002947616998,182.34012994783166,183.91003698180788,129064400
2025-12-23,189.19976806640625,189.31975669034466,182.89009670029142,182.96010023623109,174873600
2025-12-24,188.59979248046875,188.899779295176,186.57989753660073,187.92983057380172,65528500
2025-12-26,190.51968383789062,192.67957056140054,187.98982202804387,189.9097162518428,139740300
2025-12-29,188.20980834960938,188.749772392931,185.8999358866866,187.6998414610299,120006100
2025-12-30,187.52984619140625,188.9797799436452,186.91987858592935,188.22982052336855,97687300
2025-12-31,186.4899139404297,190.54969193131708,186.47991997410415,189.55975523635485,120100500
2026-01-02,188.83978271484375,192.91954841717475,188.24980305842183,189.82971935613102,148240500
2026-01-05,188.1098175048828,193.61952916959007,186.13992286460274,191.74961996436147,183529700
2026-01-06,187.22987365722656,192.15959956375178,186.80989821500853,190.50969495089785,176862600
2026-01-07,189.09976196289062,191.35963411085106,186.54989697142676,188.55979791265688,153543200
2026-01-08,185.0299835205078,189.53974931649188,183.70006889406122,189.09977067708235,172457000
2026-01-09,184.84999084472656,186.32990643372668,183.66005283935564,185.06998015284367,131327500
2026-01-12,184.92999267578125,187.10986736077922,183.010098425574,183.2100845491025,137968500
2026-01-13,185.79994201660156,188.0998205983224,183.3900687774691,184.9899882929175,160128900
2026-01-14,183.1300811767578,184.45001701406107,180.79021156477043,184.3100252062831,159586100
2026-01-15,187.03988647460938,189.6897370464893,186.31992419508657,186.48991316970114,206188600
2026-01-16,186.21990966796875,190.4296883714215,186.06992389502736,189.06976141755646,187967200
2026-01-20,178.06036376953125,182.37012791600927,177.60038196777572,181.89014292514364,223345300
2026-01-21,183.31008911132812,185.3699752173061,178.3903418724365,179.04031586008543,200381000
2026-01-22,184.82998657226562,186.15991637882954,183.92003219020145,184.7399951080077,139636600
2026-01-23,187.6598358154297,189.58973923983262,186.80989099781206,187.48984685190618,142748100
2026-01-26,186.4599151611328,189.1097657209082,185.97994539629804,187.1498802806874,124799600
2026-01-27,188.50979614257812,189.9897117301412,185.6899415183402,187.22986667366473,143711600
2026-01-28,191.5096435546875,192.33960048487265,189.82972650403363,191.25965707901594,148552700
2026-01-29,192.49957275390625,193.46952146246272,186.04992498376654,191.32963792417547,171764400
2026-01-30,191.11965942382812,194.47947816452233,189.45974561417185,191.19965692455457,179489500
2026-02-02,185.59996032714844,190.2897090701948,184.87000408758857,187.1898706566695,165794100
2026-02-03,180.33023071289062,186.25991753048794,176.22045266395375,186.22992037566058,204019600
2026-02-04,174.18057250976562,179.57028010697434,171.90069716024271,179.45029148582987,207014100
2026-02-05,171.87069702148438,176.81043194569037,171.020736948564,174.92051964769362,206312900
2026-02-06,185.39996337890625,186.98987361565233,174.59055120100808,176.6804343618602,231346200
2026-02-09,190.0297088623047,193.64952333361757,183.9400420976916,184.25002288009932,196387400
2026-02-10,188.52978515625,192.46957427391544,188.10980972728564,191.36964298604585,136764800
2026-02-11,190.0397186279297,193.24953637655122,188.75978911487715,192.43958265041238,144192700
2026-02-12,186.9298858642578,193.5995230748733,186.49990120030046,193.01955263160718,189932500
2026-02-13,182.80010986328125,187.4898586352177,181.58017462912434,187.4698554447334,161888000
2026-02-17,184.95999145507812,187.13986615921206,179.17029624003743,181.74016448672575,162276900
2026-02-18,187.96981811523438,190.3596881055438,186.7498829478333,188.73978069812654,164749100
2026-02-19,187.88983154296875,188.41980165789556,185.64996245587088,187.04988063530703,126554500
2026-02-20,189.8097381591797,190.31970507557438,185.92994318264132,186.5599139825128,178422300
2026-02-23,191.53964233398438,193.93950641757905,189.56974766836524,191.3896412925324,171584800
2026-02-24,192.83956909179688,193.75951747058733,187.38985183856119,191.47964208446245,175123600
2026-02-25,195.54940795898438,197.61930319203404,193.77949953248776,194.43946745531196,250637100
2026-02-26,184.87998962402344,194.27947461393586,184.31002841741252,194.25948668244985,360807900
2026-02-27,177.180419921875,182.5801217841234,176.3704661683341,181.2401979138715,311636500
2026-03-02,182.47012329101562,183.45008125730604,174.63055110847353,175.00052620838028,209095300
2026-03-03,180.04025268554688,180.8901975001603,176.91041730394699,178.4803396065267,178099400
2026-03-04,183.03009033203125,184.69000418349444,180.0502558302461,180.4302401537762,177731200
